"","species","branches.minnirichi","branches.rough","branches.smooth","no.ribbons.in.branches","ribbons.in.branches","fibrous","main.minnirichi","partly.rough","wholly.rough","wholly.smooth","rough.bark.loose.basal.slabs","rough.bark.box.type","rough.bark.compacted","rough.bark.imperfectly.shed","rough.bark.ironbark","rough.bark.tessellated","partly.or.all.smooth"
"1","Eucalyptus caesia subsp. caesia","yes",NA,NA,"yes",NA,NA,"yes",NA,NA,NA,NA,NA,NA,NA,NA,NA,"yes"
"2","Eucalyptus caesia subsp. magna","yes",NA,NA,"yes",NA,NA,"yes",NA,NA,NA,NA,NA,NA,NA,NA,NA,"yes"
"3","Eucalyptus crucis subsp. crucis","yes",NA,NA,"yes",NA,NA,"yes",NA,NA,NA,NA,NA,NA,NA,NA,NA,"yes"
"4","Eucalyptus crucis subsp. lanceolata","yes",NA,NA,"yes",NA,NA,"yes",NA,NA,NA,NA,NA,NA,NA,NA,NA,"yes"
"5","Eucalyptus crucis subsp. praecipua","yes","yes",NA,"yes",NA,"yes",NA,NA,"yes",NA,NA,NA,NA,NA,NA,NA,"yes"
"6","Eucalyptus educta","yes",NA,NA,"yes",NA,NA,"yes",NA,NA,NA,NA,NA,NA,NA,NA,NA,"yes"
"7","Eucalyptus ewartiana","yes",NA,NA,"yes",NA,"yes","yes","yes",NA,NA,NA,NA,NA,NA,NA,NA,"yes"
"8","Eucalyptus orbifolia","yes",NA,NA,"yes",NA,"yes","yes","yes",NA,NA,"yes",NA,NA,NA,NA,NA,"yes"
"9","Eucalyptus websteriana","yes",NA,NA,"yes",NA,NA,"yes",NA,NA,NA,NA,NA,NA,NA,NA,NA,"yes"
"10","Angophora bakeri subsp. bakeri",NA,"yes",NA,"yes",NA,NA,NA,NA,"yes",NA,NA,"yes",NA,NA,NA,NA,NA
"11","Angophora bakeri subsp. crassifolia",NA,"yes",NA,"yes",NA,"yes",NA,NA,"yes",NA,NA,NA,NA,NA,NA,NA,NA
"12","Angophora floribunda",NA,"yes",NA,"yes",NA,"yes",NA,NA,"yes",NA,NA,"yes",NA,NA,NA,NA,NA
"13","Angophora hispida",NA,"yes",NA,"yes",NA,"yes",NA,NA,"yes",NA,NA,NA,NA,NA,NA,NA,NA
"14","Angophora inopina",NA,"yes",NA,"yes",NA,"yes",NA,NA,"yes",NA,NA,NA,NA,NA,NA,NA,NA
"15","Angophora melanoxylon",NA,"yes",NA,"yes",NA,"yes",NA,NA,"yes",NA,NA,NA,NA,NA,NA,NA,NA
"16","Angophora robur",NA,"yes",NA,"yes",NA,"yes",NA,NA,"yes",NA,NA,NA,NA,NA,NA,NA,NA
"17","Angophora subvelutina",NA,"yes",NA,"yes",NA,"yes",NA,NA,"yes",NA,NA,"yes",NA,NA,NA,NA,NA
"18","Angophora woodsiana",NA,"yes",NA,"yes",NA,"yes",NA,NA,"yes",NA,NA,"yes",NA,NA,NA,NA,NA
"19","Corymbia abbreviata",NA,"yes",NA,"yes",NA,NA,NA,NA,"yes",NA,NA,"yes",NA,NA,NA,"yes",NA
"20","Corymbia abergiana",NA,"yes","yes","yes",NA,"yes",NA,NA,"yes",NA,NA,NA,NA,NA,NA,"yes",NA
"21","Corymbia arenaria",NA,"yes",NA,"yes",NA,NA,NA,NA,"yes",NA,NA,"yes",NA,NA,NA,"yes","yes"
"22","Corymbia arnhemensis",NA,"yes","yes","yes",NA,NA,NA,"yes","yes",NA,NA,NA,NA,NA,NA,"yes","yes"
"23","Corymbia aureola",NA,"yes",NA,"yes",NA,NA,NA,NA,"yes",NA,NA,NA,NA,NA,NA,"yes",NA
"24","Corymbia bloxsomei",NA,"yes",NA,"yes",NA,NA,NA,NA,"yes",NA,NA,"yes",NA,NA,NA,"yes",NA
"25","Corymbia brachycarpa",NA,"yes",NA,"yes",NA,NA,NA,NA,"yes",NA,NA,NA,NA,NA,NA,"yes",NA
"26","Corymbia bunites",NA,"yes",NA,"yes",NA,NA,NA,NA,"yes",NA,NA,"yes",NA,NA,NA,"yes",NA
"27","Corymbia cadophora subsp. cadophora",NA,"yes",NA,"yes",NA,"yes",NA,NA,"yes",NA,NA,"yes",NA,NA,NA,"yes",NA
"28","Corymbia cadophora subsp. pliantha",NA,"yes",NA,"yes",NA,NA,NA,NA,"yes",NA,NA,"yes",NA,NA,NA,"yes",NA
"29","Corymbia cadophora subsp. polychroma",NA,"yes",NA,NA,NA,"yes",NA,NA,"yes",NA,NA,"yes",NA,NA,NA,"yes",NA
"30","Corymbia calophylla",NA,"yes",NA,"yes",NA,NA,NA,NA,"yes",NA,NA,NA,NA,NA,NA,"yes",NA
"31","Corymbia chartacea",NA,"yes",NA,"yes",NA,NA,NA,NA,"yes",NA,NA,"yes",NA,NA,NA,"yes",NA
"32","Corymbia clandestina",NA,"yes",NA,"yes",NA,NA,NA,NA,"yes",NA,NA,NA,NA,NA,NA,"yes",NA
"33","Corymbia clarksoniana",NA,"yes",NA,"yes",NA,NA,NA,NA,"yes",NA,NA,NA,NA,NA,NA,"yes",NA
"34","Corymbia cliftoniana",NA,"yes",NA,"yes",NA,NA,NA,NA,"yes",NA,NA,NA,NA,NA,NA,"yes",NA
"35","Corymbia collina",NA,"yes","yes","yes",NA,NA,NA,"yes","yes","yes",NA,"yes",NA,NA,NA,"yes","yes"
"36","Corymbia deserticola subsp. deserticola",NA,"yes",NA,"yes",NA,NA,NA,NA,"yes",NA,NA,NA,NA,NA,NA,"yes",NA
"37","Corymbia deserticola subsp. mesogeotica",NA,"yes",NA,"yes",NA,NA,NA,NA,"yes",NA,NA,NA,NA,NA,NA,"yes",NA
"38","Corymbia dunlopiana",NA,"yes",NA,"yes",NA,NA,NA,NA,"yes",NA,NA,"yes",NA,NA,NA,"yes",NA
"39","Corymbia ellipsoidea",NA,"yes","yes","yes",NA,NA,NA,NA,"yes",NA,NA,NA,NA,NA,NA,"yes",NA
"40","Corymbia eremaea",NA,"yes","yes","yes",NA,NA,NA,"yes","yes","yes",NA,NA,NA,NA,NA,"yes","yes"
"41","Corymbia erythrophloia",NA,"yes","yes","yes",NA,NA,NA,NA,"yes",NA,NA,"yes",NA,NA,NA,"yes",NA
"42","Corymbia eximia",NA,"yes",NA,"yes",NA,NA,NA,NA,"yes",NA,NA,NA,NA,NA,NA,"yes",NA
"43","Corymbia ferruginea subsp. ferruginea",NA,"yes",NA,"yes",NA,NA,NA,NA,"yes",NA,NA,"yes",NA,NA,NA,"yes",NA
"44","Corymbia ferruginea subsp. stypophylla",NA,"yes",NA,"yes",NA,NA,NA,NA,"yes",NA,NA,"yes",NA,NA,NA,"yes",NA
"45","Corymbia ficifolia",NA,"yes","yes","yes",NA,"yes",NA,NA,"yes",NA,NA,NA,NA,NA,NA,"yes",NA
"46","Corymbia foelscheana",NA,"yes","yes","yes",NA,NA,NA,"yes","yes",NA,NA,NA,NA,NA,NA,"yes","yes"
"47","Corymbia greeniana",NA,"yes","yes","yes",NA,NA,NA,"yes","yes","yes",NA,"yes",NA,NA,NA,"yes","yes"
"48","Corymbia gummifera",NA,"yes",NA,"yes",NA,NA,NA,NA,"yes",NA,NA,NA,NA,NA,NA,"yes",NA
"49","Corymbia haematoxylon",NA,"yes",NA,"yes",NA,NA,NA,NA,"yes",NA,NA,NA,NA,NA,NA,"yes",NA
"50","Corymbia hamersleyana",NA,"yes","yes","yes",NA,NA,NA,"yes","yes",NA,NA,NA,NA,NA,NA,"yes","yes"
"51","Corymbia hendersonii",NA,"yes",NA,"yes",NA,NA,NA,NA,"yes",NA,NA,NA,NA,NA,NA,"yes",NA
"52","Corymbia hylandii",NA,"yes",NA,"yes",NA,NA,NA,NA,"yes",NA,NA,NA,NA,NA,NA,"yes",NA
"53","Corymbia intermedia",NA,"yes",NA,"yes",NA,NA,NA,NA,"yes",NA,NA,NA,NA,NA,NA,"yes",NA
"54","Corymbia jacobsiana",NA,"yes",NA,"yes",NA,"yes",NA,NA,"yes",NA,NA,NA,NA,NA,NA,NA,NA
"55","Corymbia lamprophylla",NA,"yes",NA,"yes",NA,NA,NA,NA,"yes",NA,NA,NA,NA,NA,NA,"yes",NA
"56","Corymbia latifolia",NA,"yes","yes","yes",NA,NA,NA,"yes","yes","yes",NA,NA,NA,NA,NA,"yes","yes"
"57","Corymbia leichhardtii",NA,"yes",NA,"yes",NA,NA,NA,NA,"yes",NA,NA,"yes",NA,NA,NA,"yes",NA
"58","Corymbia lenziana",NA,"yes","yes","yes",NA,NA,NA,"yes","yes",NA,NA,NA,NA,NA,NA,"yes","yes"
"59","Corymbia leptoloma",NA,"yes",NA,"yes",NA,NA,NA,NA,"yes",NA,NA,"yes",NA,NA,NA,"yes",NA
"60","Corymbia ligans",NA,"yes",NA,"yes",NA,NA,NA,NA,"yes",NA,NA,"yes",NA,NA,NA,"yes",NA
"61","Corymbia nesophila",NA,"yes",NA,"yes",NA,"yes",NA,NA,"yes",NA,NA,"yes",NA,NA,NA,"yes",NA
"62","Corymbia novoguinensis",NA,"yes",NA,"yes",NA,NA,NA,NA,"yes",NA,NA,"yes",NA,NA,NA,"yes",NA
"63","Corymbia pachycarpa",NA,"yes",NA,"yes",NA,NA,NA,NA,"yes",NA,NA,NA,NA,NA,NA,"yes",NA
"64","Corymbia papillosa",NA,"yes",NA,"yes",NA,NA,NA,NA,"yes",NA,NA,"yes",NA,NA,NA,"yes",NA
"65","Corymbia peltata",NA,"yes",NA,"yes",NA,NA,NA,NA,"yes",NA,NA,"yes",NA,NA,NA,"yes",NA
"66","Corymbia petalophylla",NA,"yes",NA,"yes",NA,NA,NA,NA,"yes",NA,NA,"yes",NA,NA,NA,"yes",NA
"67","Corymbia plena",NA,"yes",NA,"yes",NA,NA,NA,NA,"yes",NA,NA,"yes",NA,NA,NA,"yes",NA
"68","Corymbia pocillum",NA,"yes","yes","yes",NA,NA,NA,"yes","yes",NA,NA,NA,NA,NA,NA,"yes","yes"
"69","Corymbia polycarpa",NA,"yes",NA,"yes",NA,NA,NA,NA,"yes",NA,NA,"yes",NA,NA,NA,"yes",NA
"70","Corymbia porrecta",NA,"yes",NA,"yes",NA,NA,NA,NA,"yes",NA,NA,NA,NA,NA,NA,"yes",NA
"71","Corymbia ptychocarpa subsp. aptycha",NA,"yes",NA,"yes",NA,"yes",NA,NA,"yes",NA,NA,NA,NA,NA,NA,"yes",NA
"72","Corymbia ptychocarpa subsp. ptychocarpa",NA,"yes",NA,"yes",NA,"yes",NA,NA,"yes",NA,NA,NA,NA,NA,NA,"yes",NA
"73","Corymbia rhodops",NA,"yes","yes","yes",NA,NA,NA,NA,"yes",NA,NA,NA,NA,NA,NA,"yes",NA
"74","Corymbia scabrida",NA,"yes",NA,"yes",NA,NA,NA,NA,"yes",NA,NA,"yes",NA,NA,NA,"yes",NA
"75","Corymbia setosa",NA,"yes",NA,"yes",NA,NA,NA,NA,"yes",NA,NA,NA,NA,NA,NA,"yes",NA
"76","Corymbia sphaerica",NA,"yes",NA,"yes",NA,NA,NA,NA,"yes",NA,NA,NA,NA,NA,NA,"yes",NA
"77","Corymbia stockeri subsp. peninsularis",NA,"yes","yes","yes",NA,NA,NA,"yes","yes",NA,NA,NA,NA,NA,NA,"yes","yes"
"78","Corymbia stockeri subsp. stockeri",NA,"yes","yes","yes",NA,NA,NA,NA,"yes",NA,NA,NA,NA,NA,NA,"yes",NA
"79","Corymbia terminalis",NA,"yes","yes","yes",NA,NA,NA,"yes","yes",NA,NA,NA,NA,NA,NA,"yes","yes"
"80","Corymbia trachyphloia",NA,"yes","yes","yes",NA,NA,NA,NA,"yes",NA,NA,NA,NA,NA,NA,"yes",NA
"81","Corymbia umbonata",NA,"yes","yes","yes",NA,NA,NA,NA,"yes",NA,NA,NA,NA,NA,NA,"yes","yes"
"82","Corymbia watsoniana subsp. capillata",NA,"yes",NA,"yes",NA,NA,NA,NA,"yes",NA,NA,"yes",NA,NA,NA,"yes",NA
"83","Corymbia watsoniana subsp. watsoniana",NA,"yes",NA,"yes",NA,NA,NA,NA,"yes",NA,NA,"yes",NA,NA,NA,"yes",NA
"84","Corymbia xanthope",NA,"yes",NA,"yes",NA,NA,NA,NA,"yes",NA,NA,NA,NA,NA,NA,"yes",NA
"85","Corymbia zygophylla",NA,"yes",NA,"yes",NA,"yes",NA,NA,"yes",NA,NA,NA,NA,NA,NA,"yes",NA
"86","Eucalyptus acaciiformis",NA,"yes",NA,"yes",NA,"yes",NA,NA,"yes",NA,NA,NA,NA,NA,NA,NA,NA
"87","Eucalyptus acmenoides",NA,"yes",NA,"yes",NA,"yes",NA,NA,"yes",NA,NA,NA,NA,NA,NA,NA,NA
"88","Eucalyptus agglomerata",NA,"yes",NA,"yes",NA,"yes",NA,NA,"yes",NA,NA,NA,NA,NA,NA,NA,NA
"89","Eucalyptus aggregata",NA,"yes","yes","yes",NA,"yes",NA,NA,"yes",NA,NA,"yes",NA,NA,NA,NA,NA
"90","Eucalyptus albens",NA,"yes","yes","yes",NA,NA,NA,"yes","yes",NA,NA,"yes",NA,NA,NA,"yes","yes"
"91","Eucalyptus alligatrix subsp. alligatrix",NA,"yes","yes","yes",NA,"yes",NA,NA,"yes",NA,NA,NA,NA,NA,NA,NA,NA
"92","Eucalyptus alligatrix subsp. limaensis",NA,"yes","yes","yes",NA,"yes",NA,NA,"yes",NA,NA,NA,NA,NA,NA,NA,NA
"93","Eucalyptus ancophila",NA,"yes","yes","yes",NA,NA,NA,NA,"yes",NA,NA,NA,NA,NA,"yes",NA,NA
"94","Eucalyptus andrewsii subsp. andrewsii",NA,"yes","yes","yes",NA,"yes",NA,NA,"yes",NA,NA,NA,NA,NA,NA,NA,NA
"95","Eucalyptus andrewsii subsp. campanulata",NA,"yes","yes","yes",NA,"yes",NA,NA,"yes",NA,NA,NA,NA,NA,NA,NA,NA
"96","Eucalyptus angophoroides",NA,"yes",NA,"yes",NA,"yes",NA,NA,"yes",NA,NA,"yes",NA,NA,NA,"yes",NA
"97","Eucalyptus apothalassica",NA,"yes",NA,"yes",NA,"yes",NA,NA,"yes",NA,NA,NA,NA,NA,NA,NA,NA
"98","Eucalyptus arenacea",NA,"yes",NA,"yes",NA,"yes",NA,NA,"yes",NA,NA,NA,NA,NA,NA,NA,NA
"99","Eucalyptus arenicola",NA,"yes","yes","yes",NA,"yes",NA,NA,"yes",NA,NA,NA,NA,NA,NA,NA,"yes"
"100","Eucalyptus argillacea",NA,"yes",NA,"yes",NA,NA,NA,NA,"yes",NA,NA,"yes",NA,NA,NA,"yes",NA
"101","Eucalyptus aromaphloia subsp. aromaphloia",NA,"yes",NA,"yes",NA,"yes",NA,NA,"yes",NA,NA,NA,NA,NA,"yes",NA,NA
"102","Eucalyptus aromaphloia subsp. sabulosa",NA,"yes","yes","yes","yes","yes",NA,NA,"yes",NA,NA,NA,NA,NA,NA,NA,NA
"103","Eucalyptus atrata",NA,"yes",NA,"yes",NA,NA,NA,NA,"yes",NA,NA,NA,NA,NA,"yes",NA,NA
"104","Eucalyptus aurifodina",NA,"yes",NA,NA,NA,"yes",NA,NA,"yes",NA,NA,NA,NA,NA,NA,NA,NA
"105","Eucalyptus baileyana",NA,"yes",NA,"yes",NA,"yes",NA,NA,"yes",NA,NA,NA,NA,NA,NA,NA,NA
"106","Eucalyptus baiophylla",NA,"yes","yes","yes",NA,NA,NA,"yes","yes",NA,NA,"yes",NA,NA,NA,NA,"yes"
"107","Eucalyptus banksii",NA,"yes","yes","yes",NA,"yes",NA,NA,"yes",NA,NA,"yes",NA,NA,NA,NA,NA
"108","Eucalyptus baueriana",NA,"yes",NA,"yes",NA,NA,NA,NA,"yes",NA,NA,"yes",NA,NA,NA,NA,NA
"109","Eucalyptus baxteri",NA,"yes",NA,"yes",NA,"yes",NA,NA,"yes",NA,NA,NA,NA,NA,NA,NA,NA
"110","Eucalyptus beaniana",NA,"yes","yes","yes",NA,NA,NA,NA,"yes",NA,NA,NA,NA,NA,"yes",NA,NA
"111","Eucalyptus beyeri",NA,"yes",NA,"yes",NA,NA,NA,NA,"yes",NA,NA,NA,NA,NA,"yes",NA,NA
"112","Eucalyptus blaxlandii",NA,"yes","yes","yes",NA,"yes",NA,NA,"yes",NA,NA,"yes",NA,NA,NA,NA,NA
"113","Eucalyptus boliviana",NA,"yes",NA,"yes",NA,"yes",NA,NA,"yes",NA,NA,NA,NA,NA,NA,NA,NA
"114","Eucalyptus botryoides",NA,"yes","yes","yes",NA,"yes",NA,"yes","yes",NA,NA,NA,NA,NA,NA,NA,"yes"
"115","Eucalyptus brachyandra",NA,"yes","yes","yes",NA,"yes",NA,NA,"yes",NA,NA,"yes",NA,NA,NA,NA,"yes"
"116","Eucalyptus brevipes",NA,"yes","yes","yes",NA,"yes",NA,"yes","yes",NA,NA,"yes",NA,NA,NA,NA,"yes"
"117","Eucalyptus brevistylis",NA,"yes",NA,"yes",NA,"yes",NA,NA,"yes",NA,NA,NA,NA,NA,NA,NA,NA
"118","Eucalyptus bridgesiana",NA,"yes",NA,"yes",NA,"yes",NA,NA,"yes",NA,NA,"yes",NA,NA,NA,"yes",NA
"119","Eucalyptus brownii",NA,"yes",NA,"yes",NA,NA,NA,NA,"yes",NA,NA,"yes",NA,NA,NA,NA,NA
"120","Eucalyptus cadens",NA,"yes","yes","yes","yes","yes",NA,"yes","yes",NA,"yes","yes","yes",NA,NA,NA,"yes"
"121","Eucalyptus caleyi subsp. caleyi",NA,"yes",NA,"yes",NA,NA,NA,NA,"yes",NA,NA,NA,NA,NA,"yes",NA,NA
"122","Eucalyptus caleyi subsp. ovendenii",NA,"yes",NA,"yes",NA,NA,NA,NA,"yes",NA,NA,NA,NA,NA,"yes",NA,NA
"123","Eucalyptus caliginosa",NA,"yes",NA,"yes",NA,"yes",NA,NA,"yes",NA,NA,NA,NA,NA,NA,NA,NA
"124","Eucalyptus cameronii",NA,"yes",NA,"yes",NA,"yes",NA,NA,"yes",NA,NA,NA,NA,NA,NA,NA,NA
"125","Eucalyptus camfieldii",NA,"yes",NA,"yes",NA,"yes",NA,NA,"yes",NA,NA,NA,NA,NA,NA,NA,NA
"126","Eucalyptus canescens subsp. beadellii",NA,"yes","yes","yes",NA,NA,NA,"yes","yes",NA,NA,"yes",NA,NA,NA,NA,"yes"
"127","Eucalyptus canescens subsp. canescens",NA,"yes","yes","yes",NA,"yes",NA,"yes","yes",NA,NA,"yes",NA,NA,NA,NA,"yes"
"128","Eucalyptus capitellata",NA,"yes",NA,"yes",NA,"yes",NA,NA,"yes",NA,NA,NA,NA,NA,NA,NA,NA
"129","Eucalyptus carnea",NA,"yes",NA,"yes",NA,"yes",NA,NA,"yes",NA,NA,NA,NA,NA,NA,NA,NA
"130","Eucalyptus cephalocarpa",NA,"yes","yes","yes",NA,"yes",NA,NA,"yes",NA,NA,NA,NA,NA,NA,NA,NA
"131","Eucalyptus ceracea",NA,"yes",NA,"yes",NA,"yes",NA,NA,"yes",NA,NA,NA,NA,NA,NA,NA,NA
"132","Eucalyptus chlorophylla",NA,"yes",NA,"yes",NA,"yes",NA,NA,"yes",NA,NA,"yes",NA,NA,NA,"yes",NA
"133","Eucalyptus cinerea subsp. cinerea",NA,"yes",NA,"yes",NA,"yes",NA,NA,"yes",NA,NA,NA,NA,NA,NA,NA,NA
"134","Eucalyptus cinerea subsp. triplex",NA,"yes","yes","yes",NA,"yes",NA,NA,"yes",NA,NA,NA,NA,NA,NA,NA,NA
"135","Eucalyptus cloeziana",NA,"yes","yes","yes",NA,"yes",NA,"yes","yes",NA,NA,"yes",NA,NA,NA,"yes","yes"
"136","Eucalyptus cneorifolia",NA,"yes","yes","yes",NA,NA,NA,"yes","yes",NA,NA,NA,"yes",NA,NA,NA,"yes"
"137","Eucalyptus comitae-vallis",NA,"yes","yes","yes","yes","yes",NA,"yes","yes","yes",NA,"yes",NA,NA,NA,NA,"yes"
"138","Eucalyptus conglomerata",NA,"yes",NA,"yes",NA,"yes",NA,NA,"yes",NA,NA,NA,NA,NA,NA,NA,NA
"139","Eucalyptus conica",NA,"yes","yes","yes",NA,NA,NA,NA,"yes",NA,NA,"yes",NA,NA,NA,"yes",NA
"140","Eucalyptus consideniana",NA,"yes","yes","yes",NA,"yes",NA,"yes","yes",NA,NA,NA,NA,NA,NA,NA,"yes"
"141","Eucalyptus conspicua subsp. conspicua",NA,"yes","yes","yes",NA,"yes",NA,"yes","yes",NA,NA,NA,NA,NA,NA,NA,"yes"
"142","Eucalyptus conspicua subsp. dispar",NA,"yes",NA,NA,NA,"yes",NA,NA,"yes",NA,NA,NA,NA,NA,NA,NA,NA
"143","Eucalyptus coolabah",NA,"yes","yes","yes",NA,NA,NA,"yes","yes",NA,NA,"yes",NA,NA,NA,"yes","yes"
"144","Eucalyptus cornuta",NA,"yes","yes","yes","yes","yes",NA,"yes","yes","yes",NA,"yes","yes","yes",NA,NA,"yes"
"145","Eucalyptus corticosa",NA,"yes","yes","yes",NA,"yes",NA,NA,"yes",NA,NA,NA,NA,NA,NA,"yes",NA
"146","Eucalyptus corynodes",NA,"yes","yes","yes",NA,NA,NA,NA,"yes",NA,NA,NA,NA,NA,"yes",NA,NA
"147","Eucalyptus crebra",NA,"yes",NA,"yes",NA,NA,NA,NA,"yes",NA,NA,NA,NA,NA,"yes",NA,NA
"148","Eucalyptus crenulata",NA,"yes","yes","yes",NA,NA,NA,"yes","yes",NA,NA,NA,"yes",NA,NA,NA,"yes"
"149","Eucalyptus croajingolensis",NA,"yes","yes","yes",NA,"yes",NA,"yes","yes",NA,NA,NA,NA,NA,NA,NA,"yes"
"150","Eucalyptus cullenii",NA,"yes",NA,"yes",NA,NA,NA,NA,"yes",NA,NA,NA,NA,NA,"yes",NA,NA
"151","Eucalyptus decipiens",NA,"yes",NA,"yes",NA,"yes",NA,NA,"yes",NA,NA,"yes",NA,NA,NA,NA,NA
"152","Eucalyptus decolor",NA,"yes","yes","yes",NA,NA,NA,NA,"yes",NA,NA,NA,NA,NA,"yes",NA,NA
"153","Eucalyptus decorticans",NA,"yes","yes","yes",NA,NA,NA,NA,"yes",NA,NA,NA,NA,NA,"yes",NA,NA
"154","Eucalyptus distans",NA,"yes",NA,"yes",NA,"yes",NA,NA,"yes",NA,NA,"yes",NA,NA,NA,NA,NA
"155","Eucalyptus diversifolia subsp. hesperia",NA,"yes","yes","yes",NA,"yes",NA,"yes","yes",NA,NA,NA,NA,NA,NA,NA,"yes"
"156","Eucalyptus dives",NA,"yes","yes","yes","yes","yes",NA,NA,"yes",NA,NA,"yes",NA,NA,NA,NA,NA
"157","Eucalyptus dura",NA,"yes","yes","yes",NA,NA,NA,NA,"yes",NA,NA,NA,NA,NA,"yes",NA,NA
"158","Eucalyptus effusa",NA,"yes","yes","yes","yes","yes",NA,"yes","yes",NA,NA,"yes",NA,"yes",NA,NA,"yes"
"159","Eucalyptus erosa",NA,"yes",NA,"yes",NA,"yes",NA,NA,"yes",NA,NA,NA,NA,NA,NA,NA,NA
"160","Eucalyptus eugenioides",NA,"yes",NA,"yes",NA,"yes",NA,NA,"yes",NA,NA,NA,NA,NA,NA,NA,NA
"161","Eucalyptus exilipes",NA,"yes",NA,"yes",NA,NA,NA,NA,"yes",NA,NA,NA,NA,NA,"yes",NA,NA
"162","Eucalyptus expressa",NA,"yes",NA,NA,NA,"yes",NA,NA,"yes",NA,NA,NA,NA,NA,NA,NA,NA
"163","Eucalyptus exserta",NA,"yes","yes","yes",NA,"yes",NA,NA,"yes",NA,NA,"yes",NA,NA,NA,NA,NA
"164","Eucalyptus farinosa",NA,"yes",NA,"yes",NA,NA,NA,NA,"yes",NA,NA,NA,NA,NA,"yes",NA,NA
"165","Eucalyptus fibrosa subsp. fibrosa",NA,"yes",NA,"yes",NA,NA,NA,NA,"yes",NA,NA,NA,NA,NA,"yes",NA,NA
"166","Eucalyptus fibrosa subsp. nubila",NA,"yes",NA,"yes",NA,NA,NA,NA,"yes",NA,NA,NA,NA,NA,"yes",NA,NA
"167","Eucalyptus foecunda",NA,"yes","yes","yes",NA,"yes",NA,"yes","yes",NA,NA,"yes",NA,NA,NA,NA,"yes"
"168","Eucalyptus formanii",NA,"yes","yes","yes","yes","yes",NA,"yes","yes",NA,NA,"yes",NA,NA,NA,NA,"yes"
"169","Eucalyptus fruticosa",NA,"yes","yes","yes","yes","yes",NA,"yes","yes","yes",NA,"yes",NA,NA,NA,NA,"yes"
"170","Eucalyptus fulgens",NA,"yes","yes","yes",NA,"yes",NA,NA,"yes",NA,NA,"yes",NA,NA,NA,NA,NA
"171","Eucalyptus fusiformis",NA,"yes",NA,"yes",NA,NA,NA,NA,"yes",NA,NA,NA,NA,NA,"yes",NA,NA
"172","Eucalyptus globoidea",NA,"yes",NA,"yes",NA,"yes",NA,NA,"yes",NA,NA,NA,NA,NA,NA,NA,NA
"173","Eucalyptus gomphocephala",NA,"yes",NA,"yes",NA,"yes",NA,NA,"yes",NA,NA,"yes",NA,NA,NA,"yes",NA
"174","Eucalyptus goniocalyx subsp. goniocalyx",NA,"yes","yes","yes",NA,"yes",NA,"yes","yes",NA,NA,"yes",NA,NA,NA,NA,"yes"
"175","Eucalyptus goniocalyx subsp. viridissima",NA,"yes","yes",NA,NA,"yes",NA,NA,"yes",NA,NA,"yes",NA,NA,NA,"yes",NA
"176","Eucalyptus granitica",NA,"yes",NA,"yes",NA,NA,NA,NA,"yes",NA,NA,NA,NA,NA,"yes",NA,NA
"177","Eucalyptus grossa",NA,"yes",NA,"yes",NA,"yes",NA,"yes","yes",NA,NA,NA,NA,NA,NA,NA,NA
"178","Eucalyptus guilfoylei",NA,"yes",NA,"yes",NA,"yes",NA,NA,"yes",NA,NA,NA,NA,NA,NA,NA,NA
"179","Eucalyptus helidonica",NA,"yes",NA,"yes",NA,"yes",NA,NA,"yes",NA,NA,NA,NA,NA,NA,NA,NA
"180","Eucalyptus howittiana",NA,"yes",NA,"yes",NA,"yes",NA,NA,"yes",NA,NA,"yes",NA,NA,NA,"yes",NA
"181","Eucalyptus hypostomatica",NA,"yes","yes","yes",NA,"yes",NA,NA,"yes",NA,NA,"yes",NA,NA,NA,NA,NA
"182","Eucalyptus ignorabilis",NA,"yes",NA,"yes",NA,"yes",NA,NA,"yes",NA,NA,NA,NA,NA,NA,NA,NA
"183","Eucalyptus imitans",NA,"yes",NA,"yes",NA,"yes",NA,NA,"yes",NA,NA,NA,NA,NA,NA,NA,NA
"184","Eucalyptus indurata",NA,"yes","yes","yes",NA,"yes",NA,"yes","yes",NA,NA,"yes","yes",NA,"yes",NA,"yes"
"185","Eucalyptus jacksonii",NA,"yes",NA,"yes",NA,"yes",NA,NA,"yes",NA,NA,NA,NA,NA,NA,NA,NA
"186","Eucalyptus jensenii",NA,"yes",NA,"yes",NA,NA,NA,NA,"yes",NA,NA,NA,NA,NA,"yes",NA,NA
"187","Eucalyptus jutsonii subsp. jutsonii",NA,"yes","yes","yes",NA,"yes",NA,"yes","yes",NA,NA,NA,NA,NA,NA,NA,"yes"
"188","Eucalyptus jutsonii subsp. kobela",NA,"yes",NA,"yes",NA,"yes",NA,NA,"yes",NA,NA,NA,NA,NA,NA,NA,NA
"189","Eucalyptus kingsmillii subsp. alatissima",NA,"yes","yes","yes",NA,"yes",NA,"yes","yes",NA,"yes","yes",NA,NA,NA,NA,"yes"
"190","Eucalyptus kingsmillii subsp. kingsmillii",NA,"yes","yes","yes",NA,"yes",NA,"yes","yes","yes","yes","yes",NA,NA,NA,NA,"yes"
"191","Eucalyptus kochii subsp. amaryssia",NA,"yes",NA,"yes",NA,"yes",NA,NA,"yes",NA,NA,"yes",NA,NA,NA,NA,NA
"192","Eucalyptus kochii subsp. borealis",NA,"yes","yes","yes",NA,"yes",NA,"yes","yes",NA,NA,"yes",NA,NA,NA,NA,"yes"
"193","Eucalyptus kochii subsp. plenissima",NA,"yes","yes","yes",NA,"yes",NA,"yes","yes",NA,NA,"yes",NA,NA,NA,NA,"yes"
"194","Eucalyptus kochii subsp. yellowdinensis",NA,"yes","yes","yes",NA,"yes",NA,"yes","yes",NA,NA,"yes",NA,NA,NA,NA,"yes"
"195","Eucalyptus koolpinensis",NA,"yes",NA,"yes",NA,NA,NA,NA,"yes",NA,NA,"yes",NA,NA,NA,"yes",NA
"196","Eucalyptus laevis",NA,"yes","yes","yes",NA,"yes",NA,"yes","yes",NA,NA,"yes",NA,NA,NA,NA,"yes"
"197","Eucalyptus laevopinea",NA,"yes","yes","yes",NA,"yes",NA,NA,"yes",NA,NA,NA,NA,NA,NA,NA,NA
"198","Eucalyptus largiflorens",NA,"yes",NA,"yes",NA,NA,NA,NA,"yes",NA,NA,"yes",NA,NA,NA,"yes",NA
"199","Eucalyptus latisinensis",NA,"yes",NA,"yes",NA,"yes",NA,NA,"yes",NA,NA,NA,NA,NA,NA,NA,NA
"200","Eucalyptus leptophleba",NA,"yes",NA,"yes",NA,NA,NA,NA,"yes",NA,NA,"yes",NA,NA,NA,NA,NA
"201","Eucalyptus leucophylla",NA,"yes",NA,"yes",NA,NA,NA,NA,"yes",NA,NA,"yes",NA,NA,NA,NA,NA
"202","Eucalyptus ligustrina",NA,"yes",NA,"yes",NA,"yes",NA,NA,"yes",NA,NA,NA,NA,NA,NA,NA,NA
"203","Eucalyptus limitaris",NA,"yes",NA,"yes",NA,NA,NA,NA,"yes",NA,NA,"yes",NA,NA,NA,"yes",NA
"204","Eucalyptus lirata",NA,"yes",NA,"yes",NA,"yes",NA,NA,"yes",NA,NA,"yes",NA,NA,NA,NA,NA
"205","Eucalyptus longicornis",NA,"yes","yes","yes",NA,"yes",NA,"yes","yes",NA,NA,NA,"yes",NA,NA,NA,"yes"
"206","Eucalyptus longifolia",NA,"yes","yes","yes",NA,"yes",NA,NA,"yes",NA,NA,"yes",NA,NA,NA,NA,NA
"207","Eucalyptus loxophleba subsp. loxophleba",NA,"yes","yes","yes","yes","yes",NA,"yes","yes",NA,NA,"yes",NA,NA,NA,NA,"yes"
"208","Eucalyptus macarthurii",NA,"yes","yes","yes","yes","yes",NA,NA,"yes",NA,NA,NA,NA,NA,NA,NA,NA
"209","Eucalyptus mackintii",NA,"yes",NA,"yes",NA,"yes",NA,NA,"yes",NA,NA,NA,NA,NA,NA,NA,NA
"210","Eucalyptus macrorhyncha subsp. cannonii",NA,"yes",NA,"yes",NA,"yes",NA,NA,"yes",NA,NA,NA,NA,NA,NA,NA,NA
"211","Eucalyptus macrorhyncha subsp. macrorhyncha",NA,"yes",NA,"yes",NA,"yes",NA,NA,"yes",NA,NA,NA,NA,NA,NA,NA,NA
"212","Eucalyptus magnificata",NA,"yes","yes","yes",NA,NA,NA,"yes","yes",NA,NA,"yes",NA,"yes",NA,NA,"yes"
"213","Eucalyptus malacoxylon",NA,"yes","yes","yes",NA,NA,NA,NA,"yes",NA,NA,"yes",NA,NA,NA,"yes",NA
"214","Eucalyptus mannensis subsp. vespertina",NA,"yes","yes","yes",NA,"yes",NA,"yes","yes",NA,NA,"yes",NA,NA,NA,NA,"yes"
"215","Eucalyptus marginata subsp. elegantella",NA,"yes","yes","yes",NA,"yes",NA,NA,"yes",NA,NA,NA,NA,NA,NA,NA,NA
"216","Eucalyptus marginata subsp. marginata",NA,"yes","yes","yes",NA,"yes",NA,NA,"yes",NA,NA,NA,NA,NA,NA,NA,NA
"217","Eucalyptus marginata subsp. thalassica",NA,"yes","yes","yes",NA,"yes",NA,NA,"yes",NA,NA,NA,NA,NA,NA,NA,NA
"218","Eucalyptus mckieana",NA,"yes",NA,"yes",NA,"yes",NA,NA,"yes",NA,NA,NA,NA,NA,NA,NA,NA
"219","Eucalyptus mediocris",NA,"yes",NA,"yes",NA,"yes",NA,NA,"yes",NA,NA,NA,NA,NA,NA,NA,NA
"220","Eucalyptus megasepala",NA,"yes",NA,"yes",NA,"yes",NA,NA,"yes",NA,NA,NA,NA,NA,NA,NA,NA
"221","Eucalyptus melanoleuca",NA,"yes","yes","yes",NA,NA,NA,NA,"yes",NA,NA,NA,NA,NA,"yes",NA,NA
"222","Eucalyptus melanophloia subsp. melanophloia",NA,"yes",NA,"yes",NA,NA,NA,NA,"yes",NA,NA,NA,NA,NA,"yes",NA,NA
"223","Eucalyptus melanophloia subsp. nana",NA,"yes","yes","yes",NA,NA,NA,NA,"yes",NA,NA,NA,NA,NA,"yes",NA,NA
"224","Eucalyptus melanoxylon",NA,"yes","yes","yes",NA,"yes",NA,"yes","yes",NA,NA,"yes",NA,NA,NA,NA,"yes"
"225","Eucalyptus merrickiae",NA,"yes","yes","yes","yes","yes",NA,"yes","yes",NA,NA,"yes",NA,NA,NA,NA,"yes"
"226","Eucalyptus microcorys",NA,"yes",NA,"yes",NA,"yes",NA,NA,"yes",NA,NA,NA,NA,NA,NA,NA,NA
"227","Eucalyptus microneura",NA,"yes",NA,"yes",NA,NA,NA,NA,"yes",NA,NA,"yes",NA,NA,NA,NA,NA
"228","Eucalyptus microtheca",NA,"yes","yes","yes",NA,"yes",NA,"yes","yes",NA,NA,"yes",NA,NA,NA,"yes",NA
"229","Eucalyptus moderata",NA,"yes","yes","yes",NA,"yes",NA,"yes","yes",NA,NA,"yes","yes",NA,NA,NA,"yes"
"230","Eucalyptus muelleriana",NA,"yes",NA,"yes",NA,"yes",NA,NA,"yes",NA,NA,NA,NA,NA,NA,NA,NA
"231","Eucalyptus neglecta",NA,"yes","yes","yes","yes","yes",NA,"yes","yes",NA,NA,NA,NA,NA,NA,NA,"yes"
"232","Eucalyptus nicholii",NA,"yes",NA,"yes",NA,"yes",NA,NA,"yes",NA,NA,NA,NA,NA,NA,NA,NA
"233","Eucalyptus normantonensis",NA,"yes","yes","yes",NA,"yes",NA,"yes","yes",NA,NA,"yes",NA,NA,NA,NA,"yes"
"234","Eucalyptus nortonii",NA,"yes","yes","yes",NA,"yes",NA,NA,"yes",NA,NA,"yes",NA,NA,NA,NA,NA
"235","Eucalyptus notabilis",NA,"yes",NA,"yes",NA,"yes",NA,NA,"yes",NA,NA,NA,NA,NA,NA,NA,NA
"236","Eucalyptus nova-anglica",NA,"yes","yes","yes",NA,"yes",NA,NA,"yes",NA,NA,NA,NA,NA,NA,NA,NA
"237","Eucalyptus obconica",NA,"yes",NA,"yes",NA,NA,NA,NA,"yes",NA,NA,"yes",NA,NA,NA,"yes",NA
"238","Eucalyptus obliqua",NA,"yes","yes","yes",NA,"yes",NA,"yes","yes",NA,NA,NA,NA,NA,NA,NA,"yes"
"239","Eucalyptus occidentalis",NA,"yes","yes","yes","yes","yes",NA,"yes","yes",NA,NA,"yes","yes",NA,"yes",NA,"yes"
"240","Eucalyptus odorata",NA,"yes","yes","yes","yes","yes",NA,"yes","yes","yes",NA,"yes",NA,NA,NA,NA,"yes"
"241","Eucalyptus oldfieldii",NA,"yes","yes",NA,"yes",NA,NA,"yes","yes","yes",NA,NA,NA,"yes",NA,NA,"yes"
"242","Eucalyptus olida",NA,"yes","yes","yes",NA,"yes",NA,NA,"yes",NA,NA,NA,NA,NA,NA,NA,NA
"243","Eucalyptus oligantha",NA,"yes",NA,"yes",NA,"yes",NA,NA,"yes",NA,NA,"yes",NA,NA,NA,"yes",NA
"244","Eucalyptus ophitica",NA,"yes",NA,"yes",NA,NA,NA,NA,"yes",NA,NA,NA,NA,NA,"yes",NA,NA
"245","Eucalyptus ovularis",NA,"yes","yes","yes",NA,"yes",NA,"yes","yes",NA,NA,"yes","yes",NA,NA,NA,"yes"
"246","Eucalyptus paedoglauca",NA,"yes",NA,"yes",NA,NA,NA,NA,"yes",NA,NA,NA,NA,NA,"yes",NA,NA
"247","Eucalyptus panda",NA,"yes",NA,"yes",NA,NA,NA,NA,"yes",NA,NA,NA,NA,NA,"yes",NA,NA
"248","Eucalyptus paniculata",NA,"yes",NA,"yes",NA,NA,NA,NA,"yes",NA,NA,NA,NA,NA,"yes",NA,NA
"249","Eucalyptus patellaris",NA,"yes",NA,"yes",NA,NA,NA,NA,"yes",NA,NA,"yes",NA,NA,NA,"yes",NA
"250","Eucalyptus patens",NA,"yes",NA,"yes",NA,"yes",NA,NA,"yes",NA,NA,"yes",NA,NA,NA,NA,NA
"251","Eucalyptus pellita",NA,"yes",NA,"yes",NA,"yes",NA,NA,"yes",NA,NA,NA,NA,NA,NA,"yes",NA
"252","Eucalyptus persistens subsp. persistens",NA,"yes",NA,"yes",NA,NA,NA,NA,"yes",NA,NA,"yes",NA,NA,NA,NA,NA
"253","Eucalyptus persistens subsp. tardecidens",NA,"yes",NA,"yes",NA,NA,NA,NA,"yes",NA,NA,"yes",NA,NA,NA,NA,NA
"254","Eucalyptus phoenicea",NA,"yes","yes","yes",NA,"yes",NA,NA,"yes",NA,NA,NA,NA,NA,NA,NA,NA
"255","Eucalyptus piperita subsp. piperita",NA,"yes","yes","yes","yes","yes",NA,"yes","yes",NA,NA,NA,NA,NA,NA,NA,"yes"
"256","Eucalyptus piperita subsp. urceolaris",NA,"yes","yes","yes",NA,"yes",NA,NA,"yes",NA,NA,NA,NA,NA,NA,NA,NA
"257","Eucalyptus placita",NA,"yes","yes","yes",NA,NA,NA,NA,"yes",NA,NA,NA,NA,NA,"yes",NA,NA
"258","Eucalyptus planchoniana",NA,"yes","yes","yes",NA,"yes",NA,NA,"yes",NA,NA,NA,NA,NA,NA,NA,NA
"259","Eucalyptus platycorys",NA,"yes","yes","yes","yes","yes",NA,"yes","yes",NA,NA,NA,NA,NA,NA,NA,"yes"
"260","Eucalyptus polyanthemos subsp. longior",NA,"yes","yes","yes",NA,NA,NA,NA,"yes",NA,NA,"yes",NA,NA,NA,NA,NA
"261","Eucalyptus polyanthemos subsp. vestita",NA,"yes",NA,"yes",NA,NA,NA,NA,"yes",NA,"yes","yes",NA,NA,NA,NA,NA
"262","Eucalyptus populnea",NA,"yes",NA,"yes",NA,NA,NA,NA,"yes",NA,NA,"yes",NA,NA,NA,"yes",NA
"263","Eucalyptus porosa",NA,"yes","yes","yes",NA,"yes",NA,"yes","yes",NA,NA,"yes",NA,NA,NA,NA,"yes"
"264","Eucalyptus prominula",NA,"yes",NA,NA,NA,"yes",NA,NA,"yes",NA,NA,NA,NA,NA,NA,NA,NA
"265","Eucalyptus provecta",NA,"yes",NA,"yes",NA,NA,NA,NA,"yes",NA,NA,"yes",NA,NA,NA,NA,NA
"266","Eucalyptus pruinosa subsp. pruinosa",NA,"yes",NA,"yes",NA,"yes",NA,NA,"yes",NA,NA,"yes",NA,NA,NA,"yes",NA
"267","Eucalyptus pruinosa subsp. tenuata",NA,"yes",NA,"yes",NA,"yes",NA,NA,"yes",NA,NA,"yes",NA,NA,NA,"yes",NA
"268","Eucalyptus psammitica",NA,"yes",NA,"yes",NA,"yes",NA,NA,"yes",NA,NA,NA,NA,NA,NA,NA,NA
"269","Eucalyptus pyrocarpa",NA,"yes","yes","yes","yes","yes",NA,NA,"yes",NA,NA,NA,NA,NA,NA,NA,NA
"270","Eucalyptus quadrangulata",NA,"yes",NA,"yes",NA,NA,NA,NA,"yes",NA,NA,"yes",NA,NA,NA,NA,NA
"271","Eucalyptus quadricostata",NA,"yes",NA,NA,"yes",NA,NA,NA,"yes",NA,NA,NA,NA,NA,"yes",NA,NA
"272","Eucalyptus radiata subsp. radiata",NA,"yes","yes","yes",NA,"yes",NA,NA,"yes",NA,NA,"yes",NA,NA,NA,NA,NA
"273","Eucalyptus radiata subsp. robertsonii",NA,"yes","yes","yes","yes","yes",NA,NA,"yes",NA,NA,"yes",NA,NA,NA,NA,NA
"274","Eucalyptus radiata subsp. sejuncta",NA,"yes","yes","yes",NA,"yes",NA,NA,"yes",NA,NA,NA,NA,NA,NA,NA,NA
"275","Eucalyptus raveretiana",NA,"yes","yes","yes",NA,NA,NA,"yes","yes",NA,NA,"yes",NA,NA,NA,"yes","yes"
"276","Eucalyptus relicta",NA,"yes",NA,"yes",NA,"yes",NA,NA,"yes",NA,NA,"yes",NA,NA,NA,NA,NA
"277","Eucalyptus resinifera subsp. hemilampra",NA,"yes",NA,"yes",NA,"yes",NA,NA,"yes",NA,NA,NA,NA,NA,NA,NA,NA
"278","Eucalyptus resinifera subsp. resinifera",NA,"yes",NA,"yes",NA,"yes",NA,NA,"yes",NA,NA,NA,NA,NA,NA,NA,NA
"279","Eucalyptus retinens",NA,"yes","yes","yes",NA,NA,NA,"yes","yes",NA,NA,"yes",NA,NA,NA,NA,"yes"
"280","Eucalyptus rhombica",NA,"yes",NA,"yes",NA,NA,NA,NA,"yes",NA,NA,NA,NA,NA,"yes",NA,NA
"281","Eucalyptus robusta",NA,"yes",NA,"yes",NA,"yes",NA,NA,"yes",NA,NA,NA,NA,NA,NA,NA,NA
"282","Eucalyptus rodwayi",NA,"yes","yes","yes",NA,"yes",NA,NA,"yes",NA,NA,"yes",NA,NA,NA,NA,NA
"283","Eucalyptus rubiginosa",NA,"yes",NA,"yes",NA,"yes",NA,NA,"yes",NA,NA,NA,NA,NA,NA,NA,NA
"284","Eucalyptus rudderi",NA,"yes",NA,"yes",NA,"yes",NA,NA,"yes",NA,NA,"yes",NA,NA,NA,"yes",NA
"285","Eucalyptus rudis subsp. cratyantha",NA,"yes","yes","yes",NA,"yes",NA,"yes","yes","yes",NA,"yes",NA,NA,NA,"yes","yes"
"286","Eucalyptus rudis subsp. rudis",NA,"yes","yes","yes",NA,"yes",NA,"yes","yes","yes",NA,"yes",NA,NA,NA,"yes","yes"
"287","Eucalyptus rummeryi",NA,"yes",NA,"yes",NA,NA,NA,NA,"yes",NA,NA,"yes",NA,NA,NA,"yes",NA
"288","Eucalyptus scias subsp. apoda",NA,"yes",NA,"yes",NA,"yes",NA,NA,"yes",NA,NA,NA,NA,NA,NA,NA,NA
"289","Eucalyptus scias subsp. scias",NA,"yes",NA,"yes",NA,"yes",NA,NA,"yes",NA,NA,NA,NA,NA,NA,NA,NA
"290","Eucalyptus scopulorum",NA,"yes",NA,"yes",NA,NA,NA,NA,"yes",NA,NA,NA,NA,NA,"yes",NA,NA
"291","Eucalyptus semota",NA,"yes","yes","yes",NA,NA,NA,"yes","yes",NA,NA,"yes",NA,NA,NA,NA,"yes"
"292","Eucalyptus serraensis",NA,"yes","yes","yes",NA,"yes",NA,"yes","yes",NA,"yes","yes",NA,NA,NA,NA,"yes"
"293","Eucalyptus shirleyi",NA,"yes",NA,"yes",NA,NA,NA,NA,"yes",NA,NA,NA,NA,NA,"yes",NA,NA
"294","Eucalyptus sicilifolia",NA,"yes",NA,"yes",NA,NA,NA,NA,"yes",NA,NA,NA,NA,NA,"yes",NA,NA
"295","Eucalyptus siderophloia",NA,"yes",NA,"yes",NA,NA,NA,NA,"yes",NA,NA,NA,NA,NA,"yes",NA,NA
"296","Eucalyptus sideroxylon",NA,"yes",NA,"yes",NA,NA,NA,NA,"yes",NA,NA,NA,NA,NA,"yes",NA,NA
"297","Eucalyptus similis",NA,"yes",NA,"yes",NA,"yes",NA,NA,"yes",NA,NA,"yes",NA,NA,NA,NA,NA
"298","Eucalyptus sp. Cockburn",NA,"yes",NA,"yes",NA,NA,NA,NA,"yes",NA,NA,"yes",NA,NA,NA,NA,NA
"299","Eucalyptus sp. Dorsiventralis",NA,"yes",NA,"yes",NA,NA,NA,NA,"yes",NA,NA,NA,NA,NA,"yes",NA,NA
"300","Eucalyptus sparsifolia",NA,"yes",NA,"yes",NA,"yes",NA,NA,"yes",NA,NA,NA,NA,NA,NA,NA,NA
"301","Eucalyptus sphaerocarpa",NA,"yes",NA,"yes",NA,"yes",NA,NA,"yes",NA,NA,NA,NA,NA,NA,NA,NA
"302","Eucalyptus splendens subsp. arcana",NA,"yes",NA,"yes",NA,"yes",NA,NA,"yes",NA,NA,"yes",NA,NA,NA,"yes",NA
"303","Eucalyptus splendens subsp. splendens",NA,"yes",NA,"yes",NA,"yes",NA,NA,"yes",NA,NA,"yes","yes",NA,NA,NA,NA
"304","Eucalyptus squamosa",NA,"yes","yes","yes",NA,"yes",NA,NA,"yes",NA,NA,NA,NA,NA,NA,"yes",NA
"305","Eucalyptus staeri",NA,"yes",NA,"yes",NA,"yes",NA,NA,"yes",NA,NA,NA,NA,NA,NA,NA,NA
"306","Eucalyptus staigeriana",NA,"yes",NA,"yes",NA,NA,NA,NA,"yes",NA,NA,NA,NA,NA,"yes",NA,NA
"307","Eucalyptus striaticalyx",NA,"yes","yes","yes",NA,"yes",NA,"yes","yes",NA,NA,"yes",NA,NA,NA,NA,"yes"
"308","Eucalyptus suffulgens",NA,"yes",NA,"yes",NA,NA,NA,NA,"yes",NA,NA,NA,NA,NA,"yes",NA,NA
"309","Eucalyptus taurina",NA,"yes","yes","yes",NA,NA,NA,NA,"yes",NA,NA,NA,NA,NA,"yes",NA,NA
"310","Eucalyptus tectifica",NA,"yes",NA,"yes",NA,"yes",NA,NA,"yes",NA,NA,"yes",NA,NA,NA,"yes",NA
"311","Eucalyptus tenella",NA,"yes",NA,"yes",NA,"yes",NA,NA,"yes",NA,NA,NA,NA,NA,NA,NA,NA
"312","Eucalyptus tenuipes",NA,"yes",NA,"yes",NA,"yes",NA,NA,"yes",NA,NA,NA,NA,NA,NA,NA,NA
"313","Eucalyptus tephrodes",NA,"yes",NA,"yes",NA,NA,NA,NA,"yes",NA,NA,"yes",NA,NA,NA,"yes",NA
"314","Eucalyptus tetrapleura",NA,"yes",NA,"yes",NA,NA,NA,NA,"yes",NA,NA,NA,NA,NA,"yes",NA,NA
"315","Eucalyptus tetrodonta",NA,"yes",NA,"yes",NA,"yes",NA,NA,"yes",NA,NA,NA,NA,NA,NA,NA,NA
"316","Eucalyptus tholiformis",NA,"yes","yes","yes",NA,NA,NA,NA,"yes",NA,NA,NA,NA,NA,"yes",NA,NA
"317","Eucalyptus tindaliae",NA,"yes",NA,"yes",NA,"yes",NA,NA,"yes",NA,NA,NA,NA,NA,NA,NA,NA
"318","Eucalyptus todtiana",NA,"yes","yes","yes",NA,"yes",NA,"yes","yes",NA,NA,"yes",NA,NA,NA,NA,"yes"
"319","Eucalyptus tricarpa",NA,"yes",NA,"yes",NA,NA,NA,NA,"yes",NA,NA,NA,NA,NA,"yes",NA,NA
"320","Eucalyptus umbra",NA,"yes",NA,"yes",NA,"yes",NA,NA,"yes",NA,NA,NA,NA,NA,NA,NA,NA
"321","Eucalyptus viminalis subsp. cygnetensis",NA,"yes","yes","yes",NA,"yes",NA,"yes","yes",NA,NA,"yes",NA,NA,NA,"yes","yes"
"322","Eucalyptus viminalis subsp. pryoriana",NA,"yes","yes","yes","yes","yes",NA,"yes","yes",NA,"yes",NA,NA,NA,NA,NA,"yes"
"323","Eucalyptus virens",NA,"yes",NA,"yes",NA,NA,NA,NA,"yes",NA,NA,NA,NA,NA,"yes",NA,NA
"324","Eucalyptus volcanica",NA,"yes","yes","yes",NA,NA,NA,"yes","yes",NA,NA,"yes",NA,NA,NA,NA,"yes"
"325","Eucalyptus whitei",NA,"yes",NA,"yes",NA,NA,NA,NA,"yes",NA,NA,NA,NA,NA,"yes",NA,NA
"326","Eucalyptus williamsiana",NA,"yes",NA,"yes",NA,"yes",NA,NA,"yes",NA,NA,NA,NA,NA,NA,NA,NA
"327","Eucalyptus willisii subsp. falciformis",NA,"yes","yes","yes","yes","yes",NA,"yes","yes","yes","yes",NA,NA,NA,NA,NA,"yes"
"328","Eucalyptus willisii subsp. willisii",NA,"yes","yes","yes","yes","yes",NA,NA,"yes",NA,NA,NA,NA,NA,NA,NA,"yes"
"329","Eucalyptus wyolensis",NA,"yes","yes","yes",NA,"yes",NA,"yes","yes",NA,NA,NA,NA,NA,NA,NA,"yes"
"330","Eucalyptus x balanites",NA,"yes",NA,"yes",NA,NA,NA,NA,"yes",NA,NA,"yes",NA,NA,NA,NA,NA
"331","Eucalyptus x phylacis",NA,"yes",NA,"yes",NA,NA,NA,NA,"yes",NA,NA,"yes",NA,NA,NA,NA,NA
"332","Eucalyptus xerothermica",NA,"yes",NA,"yes",NA,NA,NA,NA,"yes",NA,NA,"yes",NA,NA,NA,"yes",NA
"333","Eucalyptus yalatensis",NA,"yes","yes","yes","yes","yes",NA,"yes","yes",NA,"yes","yes",NA,"yes",NA,NA,"yes"
"334","Eucalyptus yarraensis",NA,"yes","yes","yes",NA,"yes",NA,"yes","yes",NA,"yes","yes",NA,NA,NA,"yes","yes"
"335","Eucalyptus youmanii",NA,"yes","yes","yes",NA,"yes",NA,NA,"yes",NA,NA,NA,NA,NA,NA,NA,NA
"336","Eucalyptus youngiana",NA,"yes","yes","yes","yes","yes",NA,"yes","yes","yes","yes",NA,NA,"yes",NA,NA,"yes"
"337","Eucalyptus zopherophloia",NA,"yes","yes","yes",NA,"yes",NA,"yes","yes",NA,NA,"yes",NA,NA,NA,NA,"yes"
"338","Angophora costata subsp. costata",NA,NA,"yes","yes",NA,NA,NA,NA,NA,"yes",NA,NA,NA,NA,NA,NA,"yes"
"339","Angophora costata subsp. euryphylla",NA,NA,"yes","yes",NA,NA,NA,NA,NA,"yes",NA,NA,NA,NA,NA,NA,"yes"
"340","Angophora costata subsp. leiocarpa",NA,NA,"yes","yes",NA,NA,NA,NA,NA,"yes",NA,NA,NA,NA,NA,NA,"yes"
"341","Corymbia aparrerinja",NA,NA,"yes","yes",NA,NA,NA,NA,NA,"yes",NA,NA,NA,NA,NA,NA,"yes"
"342","Corymbia arafurica",NA,NA,"yes","yes",NA,NA,NA,"yes",NA,"yes","yes","yes",NA,NA,NA,"yes","yes"
"343","Corymbia aspera",NA,NA,"yes","yes",NA,NA,NA,"yes",NA,"yes",NA,NA,NA,NA,NA,"yes","yes"
"344","Corymbia bella",NA,NA,"yes","yes",NA,NA,NA,"yes",NA,"yes",NA,NA,NA,NA,NA,"yes","yes"
"345","Corymbia blakei",NA,NA,"yes","yes",NA,NA,NA,"yes",NA,"yes",NA,NA,NA,NA,NA,"yes","yes"
"346","Corymbia bleeseri",NA,NA,"yes","yes",NA,NA,NA,"yes","yes","yes",NA,"yes",NA,NA,NA,"yes","yes"
"347","Corymbia candida",NA,NA,"yes","yes",NA,NA,NA,NA,NA,"yes",NA,NA,NA,NA,NA,NA,"yes"
"348","Corymbia chippendalei",NA,NA,"yes","yes",NA,NA,NA,"yes","yes",NA,NA,NA,NA,NA,NA,"yes","yes"
"349","Corymbia citriodora",NA,NA,"yes","yes",NA,NA,NA,NA,NA,"yes",NA,NA,NA,NA,NA,NA,"yes"
"350","Corymbia clavigera",NA,NA,"yes","yes",NA,NA,NA,"yes",NA,"yes",NA,NA,NA,NA,NA,"yes","yes"
"351","Corymbia confertiflora",NA,NA,"yes","yes",NA,NA,NA,"yes","yes",NA,NA,NA,NA,NA,NA,"yes","yes"
"352","Corymbia dallachiana",NA,NA,"yes","yes",NA,NA,NA,"yes",NA,"yes",NA,NA,NA,NA,NA,"yes","yes"
"353","Corymbia dendromerinx",NA,NA,"yes","yes",NA,NA,NA,"yes",NA,"yes",NA,"yes",NA,"yes",NA,NA,"yes"
"354","Corymbia dichromophloia",NA,NA,"yes","yes",NA,NA,NA,"yes",NA,"yes",NA,NA,NA,NA,NA,"yes","yes"
"355","Corymbia disjuncta",NA,NA,"yes","yes",NA,NA,NA,"yes","yes",NA,NA,NA,NA,NA,NA,"yes","yes"
"356","Corymbia ferriticola",NA,NA,"yes","yes",NA,NA,NA,"yes",NA,"yes",NA,NA,NA,NA,NA,"yes","yes"
"357","Corymbia flavescens",NA,NA,"yes","yes",NA,NA,NA,NA,NA,"yes",NA,NA,NA,NA,NA,NA,"yes"
"358","Corymbia gilbertensis",NA,NA,"yes","yes",NA,NA,NA,"yes",NA,"yes",NA,NA,NA,NA,NA,"yes","yes"
"359","Corymbia grandifolia subsp. grandifolia",NA,NA,"yes","yes",NA,NA,NA,NA,NA,"yes",NA,NA,NA,NA,NA,NA,"yes"
"360","Corymbia grandifolia subsp. lamprocardia",NA,NA,"yes","yes",NA,NA,NA,NA,NA,"yes",NA,NA,NA,NA,NA,NA,"yes"
"361","Corymbia grandifolia subsp. longa",NA,NA,"yes","yes",NA,NA,NA,NA,NA,"yes",NA,NA,NA,NA,NA,NA,"yes"
"362","Corymbia henryi",NA,NA,"yes","yes",NA,NA,NA,NA,NA,"yes",NA,NA,NA,NA,NA,NA,"yes"
"363","Corymbia kombolgiensis",NA,NA,"yes","yes",NA,NA,NA,"yes",NA,NA,NA,"yes",NA,NA,NA,"yes","yes"
"364","Corymbia maculata",NA,NA,"yes","yes",NA,NA,NA,NA,NA,"yes",NA,NA,NA,NA,NA,NA,"yes"
"365","Corymbia oocarpa",NA,NA,"yes","yes",NA,NA,NA,"yes",NA,"yes",NA,NA,NA,NA,NA,"yes","yes"
"366","Corymbia papuana",NA,NA,"yes","yes",NA,NA,NA,"yes",NA,"yes","yes","yes",NA,NA,NA,"yes","yes"
"367","Corymbia paractia",NA,NA,"yes","yes",NA,NA,NA,"yes",NA,"yes",NA,"yes",NA,NA,NA,"yes","yes"
"368","Corymbia pauciseta",NA,NA,"yes","yes",NA,NA,NA,"yes",NA,NA,NA,NA,NA,NA,NA,"yes","yes"
"369","Corymbia polysciada",NA,NA,"yes","yes",NA,NA,NA,"yes","yes",NA,NA,NA,NA,NA,NA,"yes","yes"
"370","Corymbia serendipita",NA,NA,"yes","yes",NA,NA,NA,"yes","yes",NA,NA,NA,NA,NA,NA,"yes","yes"
"371","Corymbia tessellaris",NA,NA,"yes","yes",NA,NA,NA,"yes","yes",NA,NA,NA,NA,NA,NA,"yes","yes"
"372","Corymbia torelliana",NA,NA,"yes","yes",NA,NA,NA,"yes",NA,"yes",NA,NA,NA,"yes",NA,"yes","yes"
"373","Corymbia torta",NA,NA,"yes","yes",NA,NA,NA,"yes",NA,"yes",NA,"yes",NA,NA,NA,"yes","yes"
"374","Eucalyptus abdita",NA,NA,"yes","yes",NA,NA,NA,NA,NA,"yes",NA,NA,NA,NA,NA,NA,"yes"
"375","Eucalyptus absita",NA,NA,"yes","yes",NA,"yes",NA,"yes","yes","yes",NA,"yes",NA,NA,NA,NA,"yes"
"376","Eucalyptus accedens",NA,NA,"yes","yes",NA,NA,NA,NA,NA,"yes",NA,NA,NA,NA,NA,NA,"yes"
"377","Eucalyptus acies",NA,NA,"yes","yes",NA,NA,NA,NA,NA,"yes",NA,NA,NA,NA,NA,NA,"yes"
"378","Eucalyptus acroleuca",NA,NA,"yes","yes",NA,NA,NA,"yes","yes",NA,NA,"yes",NA,NA,NA,"yes","yes"
"379","Eucalyptus adesmophloia",NA,NA,"yes","yes","yes",NA,NA,"yes",NA,"yes","yes",NA,NA,"yes",NA,NA,"yes"
"380","Eucalyptus aequioperta",NA,NA,"yes","yes","yes","yes",NA,"yes","yes",NA,NA,"yes",NA,NA,NA,"yes","yes"
"381","Eucalyptus alba var. australasica",NA,NA,"yes","yes",NA,NA,NA,NA,NA,"yes",NA,NA,NA,NA,NA,NA,"yes"
"382","Eucalyptus albida",NA,NA,"yes",NA,"yes",NA,NA,NA,NA,"yes",NA,NA,NA,NA,NA,NA,"yes"
"383","Eucalyptus albopurpurea",NA,NA,"yes","yes","yes","yes",NA,"yes",NA,"yes","yes","yes",NA,NA,NA,NA,"yes"
"384","Eucalyptus alipes",NA,NA,"yes","yes",NA,NA,NA,NA,NA,"yes",NA,NA,NA,NA,NA,NA,"yes"
"385","Eucalyptus alligatrix subsp. miscella",NA,NA,"yes","yes",NA,"yes",NA,NA,"yes",NA,NA,NA,NA,NA,NA,NA,NA
"386","Eucalyptus ammophila",NA,NA,"yes","yes",NA,"yes",NA,"yes","yes",NA,NA,NA,NA,NA,NA,NA,"yes"
"387","Eucalyptus amplifolia subsp. amplifolia",NA,NA,"yes","yes",NA,NA,NA,"yes",NA,"yes","yes",NA,NA,NA,NA,NA,"yes"
"388","Eucalyptus amplifolia subsp. sessiliflora",NA,NA,"yes","yes",NA,NA,NA,"yes",NA,"yes","yes",NA,NA,NA,NA,NA,"yes"
"389","Eucalyptus amygdalina",NA,NA,"yes","yes","yes","yes",NA,"yes","yes",NA,NA,NA,NA,NA,NA,NA,"yes"
"390","Eucalyptus angularis",NA,NA,"yes","yes",NA,"yes",NA,"yes",NA,NA,"yes","yes",NA,NA,NA,NA,"yes"
"391","Eucalyptus angulosa",NA,NA,"yes","yes","yes",NA,NA,"yes",NA,"yes","yes",NA,NA,NA,NA,NA,"yes"
"392","Eucalyptus angustissima",NA,NA,"yes","yes","yes",NA,NA,NA,NA,"yes",NA,NA,NA,NA,NA,NA,"yes"
"393","Eucalyptus annettae",NA,NA,"yes",NA,"yes",NA,NA,"yes",NA,NA,NA,"yes",NA,NA,NA,NA,"yes"
"394","Eucalyptus annulata",NA,NA,"yes","yes","yes",NA,NA,NA,NA,"yes",NA,NA,NA,NA,NA,NA,"yes"
"395","Eucalyptus annuliformis",NA,NA,"yes","yes",NA,NA,NA,NA,NA,"yes",NA,NA,NA,NA,NA,NA,"yes"
"396","Eucalyptus apiculata",NA,NA,"yes","yes",NA,NA,NA,NA,NA,"yes",NA,NA,NA,NA,NA,NA,"yes"
"397","Eucalyptus apodophylla",NA,NA,"yes","yes",NA,NA,NA,NA,NA,"yes",NA,NA,NA,NA,NA,NA,"yes"
"398","Eucalyptus approximans subsp. approximans",NA,NA,"yes","yes","yes",NA,NA,NA,NA,"yes",NA,NA,NA,NA,NA,NA,"yes"
"399","Eucalyptus approximans subsp. codonocarpa",NA,NA,"yes","yes","yes",NA,NA,NA,NA,"yes",NA,NA,NA,NA,NA,NA,"yes"
"400","Eucalyptus aquilina",NA,NA,"yes","yes",NA,NA,NA,NA,NA,"yes",NA,NA,NA,NA,NA,NA,"yes"
"401","Eucalyptus arachnaea subsp. arachnaea",NA,NA,"yes","yes","yes","yes",NA,"yes",NA,NA,NA,"yes",NA,NA,NA,NA,"yes"
"402","Eucalyptus arachnaea subsp. arrecta",NA,NA,"yes","yes","yes","yes",NA,"yes","yes",NA,NA,"yes","yes",NA,NA,NA,"yes"
"403","Eucalyptus arborella",NA,NA,"yes","yes",NA,NA,NA,NA,NA,"yes",NA,NA,NA,NA,NA,NA,"yes"
"404","Eucalyptus archeri",NA,NA,"yes","yes",NA,NA,NA,NA,NA,"yes",NA,NA,NA,NA,NA,NA,"yes"
"405","Eucalyptus argophloia",NA,NA,"yes","yes",NA,NA,NA,NA,NA,"yes",NA,NA,NA,NA,NA,NA,"yes"
"406","Eucalyptus argutifolia",NA,NA,"yes","yes",NA,NA,NA,NA,NA,"yes",NA,NA,NA,NA,NA,NA,"yes"
"407","Eucalyptus aridimontana",NA,NA,"yes","yes",NA,NA,NA,"yes",NA,"yes",NA,"yes",NA,NA,NA,NA,"yes"
"408","Eucalyptus armillata",NA,NA,"yes","yes",NA,NA,NA,NA,NA,"yes",NA,NA,NA,NA,NA,NA,"yes"
"409","Eucalyptus articulata",NA,NA,"yes","yes",NA,NA,NA,NA,NA,"yes",NA,NA,NA,NA,NA,NA,"yes"
"410","Eucalyptus aspersa",NA,NA,"yes","yes","yes","yes",NA,"yes","yes","yes",NA,"yes",NA,"yes",NA,NA,"yes"
"411","Eucalyptus aspratilis",NA,NA,"yes","yes","yes",NA,NA,"yes",NA,"yes","yes","yes",NA,"yes",NA,NA,"yes"
"412","Eucalyptus astringens subsp. astringens",NA,NA,"yes","yes",NA,NA,NA,"yes",NA,"yes",NA,NA,NA,"yes",NA,NA,"yes"
"413","Eucalyptus astringens subsp. redacta",NA,NA,"yes","yes",NA,NA,NA,NA,NA,"yes",NA,NA,NA,NA,NA,NA,"yes"
"414","Eucalyptus badjensis",NA,NA,"yes",NA,"yes",NA,NA,"yes",NA,NA,NA,NA,"yes",NA,NA,NA,"yes"
"415","Eucalyptus baeuerlenii",NA,NA,"yes","yes",NA,NA,NA,NA,NA,"yes",NA,NA,NA,NA,NA,NA,"yes"
"416","Eucalyptus bakeri",NA,NA,"yes","yes","yes",NA,NA,"yes","yes",NA,NA,"yes","yes",NA,NA,"yes","yes"
"417","Eucalyptus balladoniensis subsp. balladoniensis",NA,NA,"yes","yes","yes","yes",NA,"yes",NA,NA,NA,"yes","yes",NA,NA,NA,"yes"
"418","Eucalyptus balladoniensis subsp. sedens",NA,NA,"yes","yes","yes","yes",NA,"yes",NA,NA,NA,"yes","yes",NA,NA,NA,"yes"
"419","Eucalyptus bancroftii",NA,NA,"yes","yes",NA,NA,NA,NA,NA,"yes",NA,NA,NA,NA,NA,NA,"yes"
"420","Eucalyptus barberi",NA,NA,"yes","yes","yes",NA,NA,"yes",NA,"yes","yes",NA,NA,NA,NA,NA,"yes"
"421","Eucalyptus baudiniana",NA,NA,"yes","yes",NA,"yes",NA,"yes","yes",NA,NA,"yes",NA,NA,NA,NA,"yes"
"422","Eucalyptus beardiana",NA,NA,"yes","yes",NA,NA,NA,NA,NA,"yes",NA,NA,NA,NA,NA,NA,"yes"
"423","Eucalyptus behriana",NA,NA,"yes","yes","yes",NA,NA,"yes","yes",NA,"yes","yes",NA,NA,NA,NA,"yes"
"424","Eucalyptus bensonii",NA,NA,"yes","yes",NA,"yes",NA,"yes","yes",NA,NA,NA,NA,NA,NA,NA,"yes"
"425","Eucalyptus benthamii",NA,NA,"yes","yes","yes",NA,NA,"yes",NA,"yes","yes",NA,NA,NA,NA,NA,"yes"
"426","Eucalyptus bigalerita",NA,NA,"yes","yes",NA,NA,NA,NA,NA,"yes",NA,NA,NA,NA,NA,NA,"yes"
"427","Eucalyptus blakelyi",NA,NA,"yes","yes",NA,NA,NA,"yes",NA,"yes","yes",NA,NA,NA,NA,NA,"yes"
"428","Eucalyptus blaxellii",NA,NA,"yes","yes",NA,NA,NA,"yes",NA,"yes",NA,"yes",NA,NA,NA,NA,"yes"
"429","Eucalyptus bosistoana",NA,NA,"yes","yes","yes",NA,NA,"yes","yes",NA,NA,"yes",NA,NA,NA,NA,"yes"
"430","Eucalyptus brachycalyx",NA,NA,"yes","yes","yes","yes",NA,"yes","yes","yes","yes","yes",NA,NA,NA,NA,"yes"
"431","Eucalyptus brachyphylla",NA,NA,"yes","yes","yes",NA,NA,"yes",NA,NA,NA,NA,NA,"yes",NA,NA,"yes"
"432","Eucalyptus brandiana",NA,NA,"yes","yes",NA,NA,NA,NA,NA,"yes",NA,NA,NA,NA,NA,NA,"yes"
"433","Eucalyptus brassiana",NA,NA,"yes","yes",NA,NA,NA,"yes","yes",NA,NA,NA,"yes",NA,"yes","yes","yes"
"434","Eucalyptus brevifolia",NA,NA,"yes","yes",NA,NA,NA,NA,NA,"yes",NA,NA,NA,NA,NA,NA,"yes"
"435","Eucalyptus brockwayi",NA,NA,"yes","yes",NA,NA,NA,NA,NA,"yes",NA,NA,NA,NA,NA,NA,"yes"
"436","Eucalyptus brookeriana",NA,NA,"yes","yes","yes",NA,NA,"yes",NA,"yes","yes",NA,NA,NA,NA,NA,"yes"
"437","Eucalyptus broviniensis",NA,NA,"yes","yes",NA,NA,NA,NA,NA,"yes",NA,NA,NA,NA,NA,NA,"yes"
"438","Eucalyptus buprestium",NA,NA,"yes","yes","yes",NA,NA,NA,NA,"yes",NA,NA,NA,NA,NA,NA,"yes"
"439","Eucalyptus burdettiana",NA,NA,"yes","yes",NA,NA,NA,NA,NA,"yes",NA,NA,NA,NA,NA,NA,"yes"
"440","Eucalyptus burgessiana",NA,NA,"yes","yes",NA,NA,NA,NA,NA,"yes",NA,NA,NA,NA,NA,NA,"yes"
"441","Eucalyptus burracoppinensis",NA,NA,"yes","yes","yes",NA,NA,"yes",NA,NA,NA,NA,NA,"yes",NA,NA,"yes"
"442","Eucalyptus calcareana",NA,NA,"yes","yes","yes",NA,NA,"yes",NA,"yes",NA,NA,NA,"yes",NA,NA,"yes"
"443","Eucalyptus calcicola subsp. calcicola",NA,NA,"yes","yes",NA,NA,NA,NA,NA,"yes",NA,NA,NA,NA,NA,NA,"yes"
"444","Eucalyptus calcicola subsp. unita",NA,NA,"yes","yes",NA,NA,NA,NA,NA,"yes",NA,NA,NA,NA,NA,NA,"yes"
"445","Eucalyptus calycogona subsp. calycogona",NA,NA,"yes","yes","yes",NA,NA,NA,NA,"yes",NA,NA,NA,NA,NA,NA,"yes"
"446","Eucalyptus calycogona subsp. miraculum",NA,NA,"yes","yes","yes",NA,NA,NA,NA,"yes",NA,NA,NA,NA,NA,NA,"yes"
"447","Eucalyptus calycogona subsp. spaffordii",NA,NA,"yes","yes",NA,NA,NA,"yes",NA,"yes","yes","yes",NA,NA,NA,NA,"yes"
"448","Eucalyptus calycogona subsp. trachybasis",NA,NA,"yes","yes","yes",NA,NA,"yes",NA,NA,NA,"yes",NA,NA,NA,"yes","yes"
"449","Eucalyptus calyerup",NA,NA,"yes","yes",NA,"yes",NA,"yes",NA,"yes","yes","yes","yes",NA,NA,NA,"yes"
"450","Eucalyptus camaldulensis subsp. acuta",NA,NA,"yes","yes",NA,NA,NA,NA,NA,"yes",NA,NA,NA,NA,NA,NA,"yes"
"451","Eucalyptus camaldulensis subsp. arida",NA,NA,"yes","yes",NA,NA,NA,NA,NA,"yes",NA,NA,NA,NA,NA,NA,"yes"
"452","Eucalyptus camaldulensis subsp. camaldulensis",NA,NA,"yes","yes",NA,NA,NA,"yes",NA,"yes","yes",NA,NA,NA,NA,NA,"yes"
"453","Eucalyptus camaldulensis subsp. minima",NA,NA,"yes","yes",NA,NA,NA,NA,NA,"yes","yes",NA,NA,NA,NA,NA,"yes"
"454","Eucalyptus camaldulensis subsp. obtusa",NA,NA,"yes","yes",NA,NA,NA,NA,NA,"yes",NA,NA,NA,NA,NA,NA,"yes"
"455","Eucalyptus camaldulensis subsp. refulgens",NA,NA,"yes","yes",NA,NA,NA,NA,NA,"yes",NA,NA,NA,NA,NA,NA,"yes"
"456","Eucalyptus camaldulensis subsp. simulata",NA,NA,"yes","yes",NA,NA,NA,NA,NA,"yes",NA,NA,NA,NA,NA,NA,"yes"
"457","Eucalyptus cambageana",NA,NA,"yes","yes",NA,NA,NA,"yes",NA,NA,NA,"yes","yes",NA,NA,"yes","yes"
"458","Eucalyptus campaspe",NA,NA,"yes","yes",NA,NA,NA,NA,NA,"yes",NA,NA,NA,NA,NA,NA,"yes"
"459","Eucalyptus camphora subsp. camphora",NA,NA,"yes","yes","yes",NA,NA,"yes",NA,"yes","yes",NA,NA,NA,NA,NA,"yes"
"460","Eucalyptus camphora subsp. humeana",NA,NA,"yes","yes","yes",NA,NA,"yes",NA,"yes","yes",NA,"yes",NA,NA,NA,"yes"
"461","Eucalyptus canaliculata",NA,NA,"yes","yes",NA,NA,NA,NA,NA,"yes",NA,NA,NA,NA,NA,NA,"yes"
"462","Eucalyptus canobolensis",NA,NA,"yes","yes","yes",NA,NA,"yes",NA,"yes","yes",NA,NA,NA,NA,NA,"yes"
"463","Eucalyptus capillosa subsp. capillosa",NA,NA,"yes","yes",NA,NA,NA,NA,NA,"yes",NA,NA,NA,NA,NA,NA,"yes"
"464","Eucalyptus capillosa subsp. polyclada",NA,NA,"yes","yes",NA,NA,NA,NA,NA,"yes",NA,NA,NA,NA,NA,NA,"yes"
"465","Eucalyptus captiosa",NA,NA,"yes","yes","yes",NA,NA,"yes",NA,"yes",NA,NA,NA,"yes",NA,NA,"yes"
"466","Eucalyptus carnabyi",NA,NA,"yes","yes",NA,NA,NA,NA,NA,"yes",NA,NA,NA,NA,NA,NA,"yes"
"467","Eucalyptus carnei",NA,NA,"yes","yes",NA,NA,NA,"yes",NA,"yes",NA,"yes",NA,NA,NA,NA,"yes"
"468","Eucalyptus celastroides subsp. celastroides",NA,NA,"yes","yes",NA,NA,NA,"yes",NA,"yes",NA,"yes",NA,"yes",NA,NA,"yes"
"469","Eucalyptus celastroides subsp. virella",NA,NA,"yes","yes",NA,NA,NA,"yes",NA,"yes",NA,"yes",NA,"yes",NA,NA,"yes"
"470","Eucalyptus cerasiformis",NA,NA,"yes","yes",NA,NA,NA,NA,NA,"yes",NA,NA,NA,NA,NA,NA,"yes"
"471","Eucalyptus ceratocorys",NA,NA,"yes","yes","yes","yes",NA,"yes",NA,"yes","yes",NA,NA,"yes",NA,NA,"yes"
"472","Eucalyptus cernua",NA,NA,"yes","yes",NA,NA,NA,NA,NA,"yes",NA,NA,NA,NA,NA,NA,"yes"
"473","Eucalyptus chapmaniana",NA,NA,"yes","yes","yes","yes",NA,"yes","yes",NA,NA,NA,NA,NA,NA,NA,"yes"
"474","Eucalyptus chartaboma",NA,NA,"yes","yes",NA,"yes",NA,"yes","yes",NA,NA,NA,NA,NA,NA,"yes","yes"
"475","Eucalyptus chloroclada",NA,NA,"yes","yes",NA,"yes",NA,"yes","yes","yes",NA,"yes",NA,"yes",NA,NA,"yes"
"476","Eucalyptus cladocalyx",NA,NA,"yes","yes",NA,NA,NA,NA,NA,"yes",NA,NA,NA,NA,NA,NA,"yes"
"477","Eucalyptus clelandii",NA,NA,"yes","yes",NA,"yes",NA,"yes",NA,NA,NA,"yes",NA,NA,NA,NA,"yes"
"478","Eucalyptus clivicola",NA,NA,"yes","yes",NA,NA,NA,"yes",NA,"yes",NA,NA,NA,"yes",NA,NA,"yes"
"479","Eucalyptus coccifera",NA,NA,"yes","yes",NA,NA,NA,"yes",NA,"yes","yes",NA,NA,NA,NA,NA,"yes"
"480","Eucalyptus concinna",NA,NA,"yes","yes","yes","yes",NA,"yes",NA,"yes","yes","yes",NA,NA,NA,NA,"yes"
"481","Eucalyptus conferruminata subsp. conferruminata",NA,NA,"yes","yes",NA,NA,NA,NA,NA,"yes",NA,NA,NA,NA,NA,NA,"yes"
"482","Eucalyptus conferruminata subsp. recherche",NA,NA,"yes","yes",NA,NA,NA,NA,NA,"yes",NA,NA,NA,NA,NA,NA,"yes"
"483","Eucalyptus confluens",NA,NA,"yes","yes",NA,NA,NA,NA,NA,"yes",NA,NA,NA,NA,NA,NA,"yes"
"484","Eucalyptus conglobata subsp. conglobata",NA,NA,"yes","yes","yes",NA,NA,NA,NA,"yes",NA,NA,NA,NA,NA,NA,"yes"
"485","Eucalyptus conglobata subsp. perata",NA,NA,"yes","yes","yes",NA,NA,NA,NA,"yes",NA,NA,NA,NA,NA,NA,"yes"
"486","Eucalyptus conveniens",NA,NA,"yes","yes","yes","yes",NA,"yes",NA,"yes",NA,"yes",NA,"yes",NA,NA,"yes"
"487","Eucalyptus cooperiana",NA,NA,"yes","yes",NA,"yes",NA,"yes",NA,"yes",NA,"yes",NA,NA,NA,NA,"yes"
"488","Eucalyptus cordata subsp. cordata",NA,NA,"yes","yes",NA,NA,NA,NA,NA,"yes",NA,NA,NA,NA,NA,NA,"yes"
"489","Eucalyptus cordata subsp. quadrangulosa",NA,NA,"yes","yes",NA,NA,NA,"yes",NA,"yes","yes",NA,NA,NA,NA,NA,"yes"
"490","Eucalyptus coronata",NA,NA,"yes","yes",NA,NA,NA,NA,NA,"yes",NA,NA,NA,NA,NA,NA,"yes"
"491","Eucalyptus corrugata",NA,NA,"yes","yes","yes","yes",NA,"yes",NA,"yes",NA,"yes",NA,NA,NA,NA,"yes"
"492","Eucalyptus cosmophylla",NA,NA,"yes","yes",NA,NA,NA,"yes",NA,"yes","yes",NA,NA,NA,NA,NA,"yes"
"493","Eucalyptus creta",NA,NA,"yes","yes",NA,NA,NA,NA,NA,"yes",NA,NA,NA,NA,NA,NA,"yes"
"494","Eucalyptus cretata",NA,NA,"yes","yes","yes",NA,NA,"yes",NA,"yes","yes","yes",NA,NA,NA,NA,"yes"
"495","Eucalyptus crispata",NA,NA,"yes","yes",NA,NA,NA,"yes",NA,"yes",NA,NA,NA,"yes",NA,NA,"yes"
"496","Eucalyptus cunninghamii",NA,NA,"yes","yes",NA,NA,NA,NA,NA,"yes",NA,NA,NA,NA,NA,NA,"yes"
"497","Eucalyptus cuprea",NA,NA,"yes","yes","yes",NA,NA,"yes",NA,"yes",NA,"yes",NA,NA,NA,NA,"yes"
"498","Eucalyptus cupularis",NA,NA,"yes","yes",NA,NA,NA,NA,NA,"yes",NA,NA,NA,NA,NA,NA,"yes"
"499","Eucalyptus curtisii",NA,NA,"yes","yes",NA,NA,NA,NA,NA,"yes",NA,NA,NA,NA,NA,NA,"yes"
"500","Eucalyptus cyanophylla",NA,NA,"yes","yes","yes","yes",NA,"yes",NA,"yes","yes","yes",NA,NA,NA,NA,"yes"
"501","Eucalyptus cyclostoma",NA,NA,"yes","yes",NA,NA,NA,NA,NA,"yes",NA,NA,NA,NA,NA,NA,"yes"
"502","Eucalyptus cylindriflora",NA,NA,"yes","yes",NA,NA,NA,NA,NA,"yes",NA,NA,NA,NA,NA,NA,"yes"
"503","Eucalyptus cylindrocarpa",NA,NA,"yes","yes","yes",NA,NA,"yes",NA,"yes",NA,"yes",NA,NA,NA,NA,"yes"
"504","Eucalyptus cypellocarpa",NA,NA,"yes","yes","yes",NA,NA,"yes",NA,"yes","yes","yes",NA,NA,NA,NA,"yes"
"505","Eucalyptus dalrympleana subsp. dalrympleana",NA,NA,"yes","yes","yes",NA,NA,"yes",NA,"yes","yes",NA,NA,NA,NA,NA,"yes"
"506","Eucalyptus dalrympleana subsp. heptantha",NA,NA,"yes","yes",NA,NA,NA,"yes",NA,"yes","yes",NA,NA,NA,NA,NA,"yes"
"507","Eucalyptus dawsonii",NA,NA,"yes","yes",NA,NA,NA,"yes",NA,"yes","yes",NA,NA,NA,NA,NA,"yes"
"508","Eucalyptus dealbata",NA,NA,"yes","yes",NA,NA,NA,"yes",NA,"yes","yes",NA,NA,NA,NA,NA,"yes"
"509","Eucalyptus deanei",NA,NA,"yes","yes",NA,NA,NA,"yes",NA,"yes","yes",NA,NA,NA,NA,NA,"yes"
"510","Eucalyptus decurva",NA,NA,"yes","yes",NA,NA,NA,NA,NA,"yes",NA,NA,NA,NA,NA,NA,"yes"
"511","Eucalyptus deflexa",NA,NA,"yes","yes",NA,NA,NA,NA,NA,"yes",NA,NA,NA,NA,NA,NA,"yes"
"512","Eucalyptus delegatensis subsp. delegatensis",NA,NA,"yes","yes","yes","yes",NA,"yes",NA,NA,NA,NA,NA,NA,NA,NA,"yes"
"513","Eucalyptus delegatensis subsp. tasmaniensis",NA,NA,"yes","yes","yes","yes",NA,"yes","yes",NA,NA,NA,NA,NA,NA,NA,"yes"
"514","Eucalyptus delicata",NA,NA,"yes","yes",NA,"yes",NA,"yes","yes",NA,NA,"yes",NA,NA,NA,NA,"yes"
"515","Eucalyptus dendromorpha",NA,NA,"yes","yes","yes","yes",NA,"yes",NA,"yes",NA,"yes","yes",NA,NA,NA,"yes"
"516","Eucalyptus densa subsp. densa",NA,NA,"yes","yes",NA,NA,NA,NA,NA,"yes",NA,NA,NA,NA,NA,NA,"yes"
"517","Eucalyptus densa subsp. improcera",NA,NA,"yes","yes",NA,NA,NA,NA,NA,"yes",NA,NA,NA,NA,NA,NA,"yes"
"518","Eucalyptus denticulata",NA,NA,"yes","yes","yes",NA,NA,"yes",NA,"yes","yes",NA,NA,NA,NA,NA,"yes"
"519","Eucalyptus depauperata",NA,NA,"yes","yes",NA,NA,NA,NA,NA,"yes",NA,NA,NA,NA,NA,NA,"yes"
"520","Eucalyptus desmondensis",NA,NA,"yes","yes",NA,NA,NA,NA,NA,"yes",NA,NA,NA,NA,NA,NA,"yes"
"521","Eucalyptus deuaensis",NA,NA,"yes","yes",NA,NA,NA,NA,NA,"yes",NA,NA,NA,NA,NA,NA,"yes"
"522","Eucalyptus dielsii",NA,NA,"yes","yes",NA,NA,NA,NA,NA,"yes",NA,NA,NA,NA,NA,NA,"yes"
"523","Eucalyptus diminuta",NA,NA,"yes","yes",NA,NA,NA,"yes",NA,"yes","yes","yes",NA,NA,NA,NA,"yes"
"524","Eucalyptus diptera",NA,NA,"yes","yes","yes",NA,NA,NA,NA,"yes",NA,NA,NA,NA,NA,NA,"yes"
"525","Eucalyptus discreta",NA,NA,"yes","yes","yes",NA,NA,"yes",NA,"yes",NA,NA,NA,"yes",NA,NA,"yes"
"526","Eucalyptus dissimulata",NA,NA,"yes","yes","yes",NA,NA,NA,NA,"yes",NA,NA,NA,NA,NA,NA,"yes"
"527","Eucalyptus distuberosa subsp. aerata",NA,NA,"yes","yes","yes",NA,NA,NA,NA,"yes",NA,NA,NA,NA,NA,NA,"yes"
"528","Eucalyptus distuberosa subsp. distuberosa",NA,NA,"yes","yes","yes",NA,NA,NA,NA,"yes",NA,NA,NA,NA,NA,NA,"yes"
"529","Eucalyptus diversicolor",NA,NA,"yes","yes",NA,NA,NA,NA,NA,"yes",NA,NA,NA,NA,NA,NA,"yes"
"530","Eucalyptus diversifolia subsp. diversifolia",NA,NA,"yes",NA,"yes",NA,NA,NA,NA,"yes",NA,NA,NA,NA,NA,NA,"yes"
"531","Eucalyptus dolichocera",NA,NA,"yes","yes",NA,"yes",NA,"yes","yes",NA,NA,"yes",NA,NA,NA,NA,"yes"
"532","Eucalyptus dolichorhyncha",NA,NA,"yes","yes","yes",NA,NA,NA,NA,"yes",NA,NA,NA,NA,NA,NA,"yes"
"533","Eucalyptus dolorosa",NA,NA,"yes","yes",NA,NA,NA,"yes",NA,NA,NA,"yes",NA,NA,NA,NA,NA
"534","Eucalyptus doratoxylon",NA,NA,"yes","yes",NA,NA,NA,"yes",NA,"yes",NA,"yes",NA,NA,NA,NA,"yes"
"535","Eucalyptus dorrienii",NA,NA,"yes","yes","yes",NA,NA,NA,NA,"yes",NA,NA,NA,NA,NA,NA,"yes"
"536","Eucalyptus dorrigoensis",NA,NA,"yes","yes","yes",NA,NA,"yes",NA,"yes","yes",NA,NA,NA,NA,NA,"yes"
"537","Eucalyptus drummondii",NA,NA,"yes","yes",NA,NA,NA,NA,NA,"yes",NA,NA,NA,NA,NA,NA,"yes"
"538","Eucalyptus dumosa",NA,NA,"yes","yes","yes",NA,NA,"yes",NA,"yes","yes","yes",NA,"yes",NA,NA,"yes"
"539","Eucalyptus dundasii",NA,NA,"yes","yes",NA,NA,NA,"yes","yes",NA,NA,"yes",NA,NA,NA,"yes","yes"
"540","Eucalyptus dunnii",NA,NA,"yes","yes","yes",NA,NA,"yes",NA,"yes","yes",NA,NA,NA,NA,NA,"yes"
"541","Eucalyptus dwyeri",NA,NA,"yes","yes",NA,NA,NA,"yes",NA,"yes","yes",NA,NA,NA,NA,NA,"yes"
"542","Eucalyptus ebbanoensis subsp. ebbanoensis",NA,NA,"yes","yes",NA,NA,NA,"yes",NA,"yes",NA,"yes",NA,NA,NA,NA,"yes"
"543","Eucalyptus ebbanoensis subsp. photina",NA,NA,"yes","yes",NA,NA,NA,"yes",NA,"yes","yes","yes",NA,NA,NA,NA,"yes"
"544","Eucalyptus ecostata",NA,NA,"yes","yes",NA,NA,NA,NA,NA,"yes",NA,NA,NA,NA,NA,NA,"yes"
"545","Eucalyptus elaeophloia",NA,NA,"yes","yes",NA,NA,NA,"yes",NA,"yes","yes",NA,NA,NA,NA,NA,"yes"
"546","Eucalyptus elata",NA,NA,"yes",NA,"yes",NA,NA,"yes",NA,"yes","yes",NA,"yes",NA,NA,NA,"yes"
"547","Eucalyptus elliptica",NA,NA,"yes","yes",NA,NA,NA,NA,NA,"yes",NA,NA,NA,NA,NA,NA,"yes"
"548","Eucalyptus erectifolia",NA,NA,"yes","yes",NA,NA,NA,NA,NA,"yes",NA,NA,NA,NA,NA,NA,"yes"
"549","Eucalyptus eremicola subsp. eremicola",NA,NA,"yes","yes",NA,"yes",NA,"yes",NA,"yes","yes","yes",NA,"yes",NA,NA,"yes"
"550","Eucalyptus eremicola subsp. peeneri",NA,NA,"yes","yes",NA,"yes",NA,"yes","yes",NA,"yes","yes",NA,NA,NA,NA,"yes"
"551","Eucalyptus eremophila",NA,NA,"yes","yes",NA,NA,NA,NA,NA,"yes",NA,NA,NA,NA,NA,NA,"yes"
"552","Eucalyptus erythrandra",NA,NA,"yes","yes","yes",NA,NA,"yes",NA,"yes","yes",NA,NA,NA,NA,NA,"yes"
"553","Eucalyptus erythrocorys",NA,NA,"yes","yes",NA,NA,NA,"yes",NA,"yes",NA,"yes",NA,NA,NA,NA,"yes"
"554","Eucalyptus erythronema subsp. erythronema",NA,NA,"yes","yes",NA,NA,NA,NA,NA,"yes",NA,NA,NA,NA,NA,NA,"yes"
"555","Eucalyptus erythronema subsp. inornata",NA,NA,"yes","yes",NA,NA,NA,NA,NA,"yes",NA,NA,NA,NA,NA,NA,"yes"
"556","Eucalyptus eudesmioides subsp. eudesmioides",NA,NA,"yes","yes",NA,"yes",NA,"yes",NA,"yes",NA,"yes",NA,"yes",NA,NA,"yes"
"557","Eucalyptus eudesmioides subsp. Pallida",NA,NA,"yes","yes",NA,"yes",NA,"yes",NA,NA,NA,"yes",NA,NA,NA,NA,"yes"
"558","Eucalyptus exigua",NA,NA,"yes","yes",NA,NA,NA,NA,NA,"yes",NA,NA,NA,NA,NA,NA,"yes"
"559","Eucalyptus exilis",NA,NA,"yes","yes","yes",NA,NA,NA,NA,"yes",NA,NA,NA,NA,NA,NA,"yes"
"560","Eucalyptus extensa",NA,NA,"yes","yes",NA,NA,NA,NA,NA,"yes",NA,NA,NA,NA,NA,NA,"yes"
"561","Eucalyptus extrica",NA,NA,"yes","yes",NA,"yes",NA,"yes",NA,"yes",NA,NA,NA,"yes",NA,NA,"yes"
"562","Eucalyptus falcata",NA,NA,"yes","yes",NA,NA,NA,NA,NA,"yes",NA,NA,NA,NA,NA,NA,"yes"
"563","Eucalyptus famelica",NA,NA,"yes","yes",NA,"yes",NA,"yes",NA,"yes","yes",NA,NA,NA,NA,NA,"yes"
"564","Eucalyptus fasciculosa",NA,NA,"yes","yes",NA,NA,NA,"yes",NA,"yes","yes",NA,NA,NA,NA,NA,"yes"
"565","Eucalyptus fastigata",NA,NA,"yes","yes","yes","yes",NA,"yes","yes",NA,NA,NA,NA,NA,NA,NA,"yes"
"566","Eucalyptus flavida",NA,NA,"yes","yes",NA,NA,NA,"yes",NA,"yes",NA,"yes",NA,NA,NA,NA,"yes"
"567","Eucalyptus flindersii",NA,NA,"yes","yes",NA,NA,NA,"yes",NA,"yes","yes","yes",NA,"yes",NA,NA,"yes"
"568","Eucalyptus flocktoniae subsp. flocktoniae",NA,NA,"yes","yes",NA,NA,NA,"yes",NA,"yes",NA,NA,NA,"yes",NA,NA,"yes"
"569","Eucalyptus flocktoniae subsp. hebes",NA,NA,"yes","yes",NA,NA,NA,NA,NA,"yes",NA,NA,NA,NA,NA,NA,"yes"
"570","Eucalyptus foliosa",NA,NA,"yes","yes","yes",NA,NA,NA,NA,"yes",NA,NA,NA,NA,NA,NA,"yes"
"571","Eucalyptus forrestiana",NA,NA,"yes","yes",NA,NA,NA,NA,NA,"yes",NA,NA,NA,NA,NA,NA,"yes"
"572","Eucalyptus fraseri subsp. fraseri",NA,NA,"yes","yes","yes",NA,NA,NA,NA,"yes",NA,NA,NA,NA,NA,NA,"yes"
"573","Eucalyptus fraseri subsp. melanobasis",NA,NA,"yes","yes","yes",NA,NA,"yes",NA,NA,NA,NA,"yes",NA,NA,NA,"yes"
"574","Eucalyptus fraxinoides",NA,NA,"yes","yes","yes",NA,NA,"yes",NA,NA,"yes",NA,"yes",NA,NA,NA,"yes"
"575","Eucalyptus frenchiana",NA,NA,"yes","yes","yes",NA,NA,NA,NA,"yes",NA,NA,NA,NA,NA,NA,"yes"
"576","Eucalyptus froggattii",NA,NA,"yes","yes","yes","yes",NA,"yes","yes",NA,"yes","yes","yes",NA,NA,NA,"yes"
"577","Eucalyptus gamophylla",NA,NA,"yes","yes",NA,"yes",NA,"yes",NA,"yes","yes","yes",NA,NA,NA,NA,"yes"
"578","Eucalyptus gardneri subsp. gardneri",NA,NA,"yes","yes",NA,NA,NA,"yes",NA,"yes",NA,NA,NA,"yes",NA,NA,"yes"
"579","Eucalyptus gardneri subsp. ravensthorpensis",NA,NA,"yes","yes",NA,NA,NA,NA,NA,"yes",NA,NA,NA,NA,NA,NA,"yes"
"580","Eucalyptus georgei subsp. fulgida",NA,NA,"yes","yes","yes",NA,NA,NA,NA,"yes",NA,NA,NA,NA,NA,NA,"yes"
"581","Eucalyptus georgei subsp. georgei",NA,NA,"yes","yes","yes",NA,NA,NA,NA,"yes",NA,NA,NA,NA,NA,NA,"yes"
"582","Eucalyptus gigantangion",NA,NA,"yes","yes",NA,"yes",NA,"yes","yes",NA,NA,NA,NA,NA,NA,NA,"yes"
"583","Eucalyptus gillenii",NA,NA,"yes","yes",NA,NA,NA,NA,NA,"yes",NA,NA,NA,NA,NA,NA,"yes"
"584","Eucalyptus gillii",NA,NA,"yes","yes",NA,"yes",NA,"yes",NA,"yes","yes","yes",NA,"yes",NA,NA,"yes"
"585","Eucalyptus gittinsii subsp. gittinsii",NA,NA,"yes","yes","yes",NA,NA,"yes",NA,NA,NA,"yes",NA,"yes",NA,NA,"yes"
"586","Eucalyptus gittinsii subsp. illucida",NA,NA,"yes","yes","yes","yes",NA,"yes",NA,"yes",NA,"yes",NA,"yes",NA,NA,"yes"
"587","Eucalyptus glaucescens",NA,NA,"yes","yes","yes",NA,NA,"yes",NA,"yes","yes",NA,NA,NA,NA,NA,"yes"
"588","Eucalyptus glaucina",NA,NA,"yes","yes",NA,NA,NA,NA,NA,"yes",NA,NA,NA,NA,NA,NA,"yes"
"589","Eucalyptus globulus subsp. bicostata",NA,NA,"yes",NA,"yes",NA,NA,"yes",NA,"yes","yes",NA,NA,NA,NA,NA,"yes"
"590","Eucalyptus globulus subsp. globulus",NA,NA,"yes",NA,"yes",NA,NA,"yes",NA,"yes","yes",NA,NA,NA,NA,NA,"yes"
"591","Eucalyptus globulus subsp. maidenii",NA,NA,"yes","yes","yes",NA,NA,"yes",NA,"yes","yes",NA,NA,NA,NA,NA,"yes"
"592","Eucalyptus globulus subsp. pseudoglobulus",NA,NA,"yes","yes","yes",NA,NA,"yes",NA,"yes","yes",NA,NA,NA,NA,NA,"yes"
"593","Eucalyptus glomericassis",NA,NA,"yes","yes",NA,NA,NA,NA,NA,"yes",NA,NA,NA,NA,NA,NA,"yes"
"594","Eucalyptus glomerosa",NA,NA,"yes","yes",NA,"yes",NA,"yes",NA,NA,NA,"yes",NA,NA,NA,NA,"yes"
"595","Eucalyptus gongylocarpa",NA,NA,"yes","yes",NA,NA,NA,"yes","yes","yes",NA,"yes",NA,"yes",NA,NA,"yes"
"596","Eucalyptus goniantha subsp. goniantha",NA,NA,"yes","yes",NA,"yes",NA,"yes",NA,"yes",NA,"yes",NA,NA,NA,NA,"yes"
"597","Eucalyptus goniantha subsp. kynoura",NA,NA,"yes","yes",NA,NA,NA,NA,NA,"yes",NA,NA,NA,NA,NA,NA,"yes"
"598","Eucalyptus goniocalyx subsp. exposa",NA,NA,"yes","yes","yes","yes",NA,"yes",NA,"yes","yes","yes",NA,NA,NA,NA,"yes"
"599","Eucalyptus goniocarpa",NA,NA,"yes","yes",NA,NA,NA,NA,NA,"yes",NA,NA,NA,NA,NA,NA,"yes"
"600","Eucalyptus gracilis",NA,NA,"yes","yes",NA,"yes",NA,"yes",NA,"yes","yes","yes","yes",NA,NA,"yes","yes"
"601","Eucalyptus grandis",NA,NA,"yes","yes",NA,"yes",NA,"yes",NA,"yes","yes",NA,NA,NA,NA,NA,"yes"
"602","Eucalyptus gregoriensis",NA,NA,"yes","yes",NA,NA,NA,NA,NA,"yes",NA,NA,NA,NA,NA,NA,"yes"
"603","Eucalyptus gregsoniana",NA,NA,"yes","yes",NA,NA,NA,NA,NA,"yes",NA,NA,NA,NA,NA,NA,"yes"
"604","Eucalyptus griffithsii",NA,NA,"yes","yes","yes","yes",NA,"yes",NA,"yes",NA,"yes",NA,NA,NA,NA,"yes"
"605","Eucalyptus grisea",NA,NA,"yes","yes",NA,NA,NA,NA,NA,"yes",NA,NA,NA,NA,NA,NA,"yes"
"606","Eucalyptus gunnii",NA,NA,"yes","yes",NA,NA,NA,"yes",NA,"yes","yes",NA,NA,NA,NA,NA,"yes"
"607","Eucalyptus gypsophila",NA,NA,"yes","yes",NA,"yes",NA,"yes",NA,NA,NA,"yes",NA,"yes",NA,NA,"yes"
"608","Eucalyptus haemastoma",NA,NA,"yes","yes",NA,NA,NA,NA,NA,"yes",NA,NA,NA,NA,NA,NA,"yes"
"609","Eucalyptus hallii",NA,NA,"yes","yes",NA,NA,NA,NA,NA,"yes",NA,NA,NA,NA,NA,NA,"yes"
"610","Eucalyptus halophila",NA,NA,"yes","yes","yes","yes",NA,"yes",NA,"yes",NA,"yes",NA,"yes",NA,NA,"yes"
"611","Eucalyptus hebetifolia",NA,NA,"yes",NA,"yes",NA,NA,"yes",NA,NA,NA,NA,NA,"yes",NA,NA,"yes"
"612","Eucalyptus herbertiana",NA,NA,"yes","yes",NA,NA,NA,NA,NA,"yes",NA,NA,NA,NA,NA,NA,"yes"
"613","Eucalyptus histophylla",NA,NA,"yes","yes","yes",NA,NA,"yes",NA,"yes",NA,NA,NA,"yes",NA,NA,"yes"
"614","Eucalyptus horistes",NA,NA,"yes","yes","yes","yes",NA,"yes","yes","yes",NA,"yes",NA,"yes",NA,NA,"yes"
"615","Eucalyptus houseana",NA,NA,"yes","yes",NA,NA,NA,NA,NA,"yes",NA,NA,NA,NA,NA,NA,"yes"
"616","Eucalyptus hypolaena",NA,NA,"yes","yes",NA,"yes",NA,"yes",NA,NA,NA,"yes",NA,NA,NA,NA,"yes"
"617","Eucalyptus imlayensis",NA,NA,"yes","yes","yes",NA,NA,"yes",NA,"yes","yes",NA,NA,NA,NA,NA,"yes"
"618","Eucalyptus impensa",NA,NA,"yes","yes",NA,NA,NA,NA,NA,"yes",NA,NA,NA,NA,NA,NA,"yes"
"619","Eucalyptus incerata",NA,NA,"yes","yes",NA,NA,NA,NA,NA,"yes",NA,NA,NA,NA,NA,NA,"yes"
"620","Eucalyptus incrassata",NA,NA,"yes","yes","yes",NA,NA,"yes",NA,"yes","yes",NA,NA,"yes",NA,NA,"yes"
"621","Eucalyptus infera",NA,NA,"yes","yes","yes",NA,NA,NA,NA,"yes",NA,NA,NA,NA,NA,NA,"yes"
"622","Eucalyptus insularis",NA,NA,"yes","yes",NA,"yes",NA,"yes",NA,"yes",NA,NA,NA,NA,NA,NA,"yes"
"623","Eucalyptus interstans",NA,NA,"yes","yes",NA,NA,NA,NA,NA,"yes",NA,NA,NA,NA,NA,NA,"yes"
"624","Eucalyptus intertexta",NA,NA,"yes","yes",NA,"yes",NA,"yes","yes",NA,NA,"yes",NA,"yes",NA,NA,"yes"
"625","Eucalyptus johnsoniana",NA,NA,"yes","yes",NA,"yes",NA,"yes",NA,"yes",NA,"yes",NA,NA,NA,NA,"yes"
"626","Eucalyptus johnstonii",NA,NA,"yes","yes",NA,NA,NA,"yes",NA,"yes","yes",NA,NA,NA,NA,NA,"yes"
"627","Eucalyptus jucunda",NA,NA,"yes","yes",NA,"yes",NA,"yes",NA,"yes",NA,"yes",NA,"yes",NA,NA,"yes"
"628","Eucalyptus kabiana",NA,NA,"yes","yes",NA,"yes",NA,"yes",NA,"yes",NA,NA,NA,NA,NA,NA,"yes"
"629","Eucalyptus kartzoffiana",NA,NA,"yes","yes","yes","yes",NA,"yes","yes",NA,"yes","yes",NA,NA,NA,NA,"yes"
"630","Eucalyptus kenneallyi",NA,NA,"yes","yes",NA,NA,NA,NA,NA,"yes",NA,NA,NA,NA,NA,NA,"yes"
"631","Eucalyptus kessellii subsp. eugnosta",NA,NA,"yes","yes","yes",NA,NA,"yes",NA,"yes",NA,"yes","yes",NA,NA,NA,"yes"
"632","Eucalyptus kessellii subsp. kessellii",NA,NA,"yes","yes","yes",NA,NA,"yes",NA,"yes",NA,"yes","yes",NA,NA,NA,"yes"
"633","Eucalyptus kitsoniana",NA,NA,"yes","yes","yes",NA,NA,"yes",NA,"yes","yes",NA,NA,NA,NA,NA,"yes"
"634","Eucalyptus kochii subsp. kochii",NA,NA,"yes","yes","yes","yes",NA,"yes","yes",NA,NA,"yes",NA,NA,NA,NA,"yes"
"635","Eucalyptus kondininensis",NA,NA,"yes","yes",NA,NA,NA,"yes","yes",NA,NA,"yes","yes",NA,NA,NA,"yes"
"636","Eucalyptus kondininensis subsp. tuberosa",NA,NA,"yes","yes",NA,NA,NA,"yes",NA,NA,NA,"yes","yes",NA,NA,NA,"yes"
"637","Eucalyptus kruseana",NA,NA,"yes","yes","yes","yes",NA,"yes",NA,"yes",NA,NA,NA,"yes",NA,NA,"yes"
"638","Eucalyptus kumarlensis",NA,NA,"yes","yes",NA,NA,NA,NA,NA,"yes",NA,NA,NA,NA,NA,NA,"yes"
"639","Eucalyptus kybeanensis",NA,NA,"yes","yes","yes",NA,NA,NA,NA,"yes",NA,NA,NA,NA,NA,NA,"yes"
"640","Eucalyptus lacrimans",NA,NA,"yes","yes",NA,NA,NA,NA,NA,"yes",NA,NA,NA,NA,NA,NA,"yes"
"641","Eucalyptus laeliae",NA,NA,"yes","yes",NA,NA,NA,NA,NA,"yes",NA,NA,NA,NA,NA,NA,"yes"
"642","Eucalyptus lane-poolei",NA,NA,"yes","yes",NA,NA,NA,"yes",NA,"yes",NA,NA,NA,"yes",NA,NA,"yes"
"643","Eucalyptus langleyi",NA,NA,"yes","yes",NA,NA,NA,"yes",NA,"yes","yes",NA,NA,NA,NA,NA,"yes"
"644","Eucalyptus lansdowneana",NA,NA,"yes","yes",NA,"yes",NA,"yes",NA,"yes",NA,NA,NA,NA,NA,NA,"yes"
"645","Eucalyptus largeana",NA,NA,"yes","yes",NA,NA,NA,"yes","yes",NA,NA,"yes",NA,NA,NA,"yes","yes"
"646","Eucalyptus latens",NA,NA,"yes","yes",NA,NA,NA,NA,NA,"yes",NA,NA,NA,NA,NA,NA,"yes"
"647","Eucalyptus lateritica",NA,NA,"yes","yes",NA,"yes",NA,"yes",NA,"yes",NA,"yes",NA,"yes",NA,NA,"yes"
"648","Eucalyptus lehmanii subsp. parallela",NA,NA,"yes","yes",NA,NA,NA,NA,NA,"yes",NA,NA,NA,NA,NA,NA,"yes"
"649","Eucalyptus lehmannii subsp. lehmannii",NA,NA,"yes","yes",NA,NA,NA,NA,NA,"yes",NA,NA,NA,NA,NA,NA,"yes"
"650","Eucalyptus leprophloia",NA,NA,"yes","yes",NA,"yes",NA,"yes",NA,NA,NA,"yes",NA,"yes",NA,NA,"yes"
"651","Eucalyptus leptocalyx",NA,NA,"yes","yes","yes",NA,NA,NA,NA,"yes",NA,NA,NA,NA,NA,NA,"yes"
"652","Eucalyptus leptophylla",NA,NA,"yes","yes",NA,NA,NA,"yes",NA,"yes",NA,NA,NA,NA,NA,NA,"yes"
"653","Eucalyptus leptopoda subsp. arctata",NA,NA,"yes","yes",NA,"yes",NA,"yes",NA,"yes",NA,"yes",NA,NA,NA,NA,"yes"
"654","Eucalyptus leptopoda subsp. elevata",NA,NA,"yes","yes",NA,NA,NA,NA,NA,"yes",NA,NA,NA,NA,NA,NA,"yes"
"655","Eucalyptus leptopoda subsp. leptopoda",NA,NA,"yes","yes",NA,"yes",NA,"yes",NA,"yes",NA,"yes",NA,NA,NA,NA,"yes"
"656","Eucalyptus leptopoda subsp. subluta",NA,NA,"yes","yes",NA,"yes",NA,"yes",NA,"yes",NA,"yes",NA,NA,NA,NA,"yes"
"657","Eucalyptus lesouefii",NA,NA,"yes","yes","yes",NA,NA,"yes",NA,NA,NA,"yes",NA,NA,NA,NA,"yes"
"658","Eucalyptus leucophloia subsp. euroa",NA,NA,"yes","yes",NA,NA,NA,NA,NA,"yes",NA,NA,NA,NA,NA,NA,"yes"
"659","Eucalyptus leucophloia subsp. leucophloia",NA,NA,"yes","yes",NA,NA,NA,NA,NA,"yes",NA,NA,NA,NA,NA,NA,"yes"
"660","Eucalyptus leucoxylon subsp. leucoxylon",NA,NA,"yes","yes",NA,"yes",NA,"yes",NA,"yes","yes","yes",NA,"yes",NA,NA,"yes"
"661","Eucalyptus leucoxylon subsp. megalocarpa",NA,NA,"yes","yes",NA,"yes",NA,"yes",NA,"yes","yes","yes",NA,"yes",NA,NA,"yes"
"662","Eucalyptus leucoxylon subsp. pruinosa",NA,NA,"yes","yes",NA,"yes",NA,"yes",NA,"yes","yes","yes",NA,"yes",NA,NA,"yes"
"663","Eucalyptus leucoxylon subsp. stephaniae",NA,NA,"yes","yes",NA,"yes",NA,"yes",NA,"yes","yes","yes",NA,"yes",NA,NA,"yes"
"664","Eucalyptus ligulata subsp. ligulata",NA,NA,"yes","yes",NA,NA,NA,NA,NA,"yes",NA,NA,NA,NA,NA,NA,"yes"
"665","Eucalyptus ligulata subsp. stirlingica",NA,NA,"yes","yes",NA,NA,NA,NA,NA,"yes",NA,NA,NA,NA,NA,NA,"yes"
"666","Eucalyptus litoralis",NA,NA,"yes","yes",NA,"yes",NA,"yes","yes",NA,"yes","yes",NA,NA,NA,NA,"yes"
"667","Eucalyptus litorea",NA,NA,"yes","yes",NA,NA,NA,"yes","yes",NA,NA,"yes","yes",NA,NA,NA,"yes"
"668","Eucalyptus livida",NA,NA,"yes","yes","yes",NA,NA,NA,NA,"yes",NA,NA,NA,NA,NA,NA,"yes"
"669","Eucalyptus lockyeri subsp. exuta",NA,NA,"yes","yes",NA,"yes",NA,"yes","yes",NA,NA,"yes","yes",NA,NA,NA,"yes"
"670","Eucalyptus lockyeri subsp. lockyeri",NA,NA,"yes","yes",NA,"yes",NA,"yes","yes",NA,NA,NA,NA,NA,NA,NA,"yes"
"671","Eucalyptus longirostrata",NA,NA,"yes","yes",NA,NA,NA,NA,NA,"yes",NA,NA,NA,NA,NA,NA,"yes"
"672","Eucalyptus longissima",NA,NA,"yes","yes","yes","yes",NA,"yes",NA,"yes",NA,"yes",NA,"yes",NA,NA,"yes"
"673","Eucalyptus loxophleba subsp. gratiae",NA,NA,"yes","yes","yes",NA,NA,NA,NA,"yes",NA,NA,NA,NA,NA,NA,"yes"
"674","Eucalyptus loxophleba subsp. lissophloia",NA,NA,"yes","yes",NA,NA,NA,"yes",NA,"yes",NA,NA,NA,"yes",NA,NA,"yes"
"675","Eucalyptus loxophleba subsp. supralaevis",NA,NA,"yes","yes",NA,"yes",NA,"yes","yes",NA,NA,"yes",NA,NA,NA,NA,"yes"
"676","Eucalyptus lucasii",NA,NA,"yes","yes","yes",NA,NA,"yes",NA,"yes",NA,"yes",NA,NA,NA,NA,"yes"
"677","Eucalyptus lucens",NA,NA,"yes","yes",NA,NA,NA,"yes",NA,"yes",NA,"yes",NA,NA,NA,NA,"yes"
"678","Eucalyptus luculenta",NA,NA,"yes","yes",NA,NA,NA,NA,NA,"yes",NA,NA,NA,NA,NA,NA,NA
"679","Eucalyptus luehmanniana",NA,NA,"yes","yes",NA,NA,NA,NA,NA,"yes",NA,NA,NA,NA,NA,NA,"yes"
"680","Eucalyptus luteola",NA,NA,"yes","yes","yes",NA,NA,"yes",NA,"yes",NA,NA,NA,"yes",NA,NA,"yes"
"681","Eucalyptus macrandra",NA,NA,"yes","yes",NA,"yes",NA,"yes",NA,"yes",NA,"yes",NA,"yes",NA,NA,"yes"
"682","Eucalyptus macrocarpa subsp. elachantha",NA,NA,"yes",NA,"yes",NA,NA,NA,NA,"yes",NA,NA,NA,NA,NA,NA,"yes"
"683","Eucalyptus macrocarpa subsp. macrocarpa",NA,NA,"yes",NA,"yes",NA,NA,NA,NA,"yes",NA,NA,NA,NA,NA,NA,"yes"
"684","Eucalyptus major",NA,NA,"yes","yes",NA,NA,NA,NA,NA,"yes",NA,NA,NA,NA,NA,NA,"yes"
"685","Eucalyptus mannensis subsp. mannensis",NA,NA,"yes","yes",NA,"yes",NA,"yes","yes","yes",NA,"yes",NA,"yes",NA,NA,"yes"
"686","Eucalyptus mannifera subsp. gullickii",NA,NA,"yes","yes",NA,NA,NA,"yes",NA,"yes","yes",NA,NA,NA,NA,NA,"yes"
"687","Eucalyptus mannifera subsp. mannifera",NA,NA,"yes","yes",NA,NA,NA,NA,NA,"yes",NA,NA,NA,NA,NA,NA,"yes"
"688","Eucalyptus mannifera subsp. praecox",NA,NA,"yes","yes",NA,NA,NA,"yes",NA,"yes","yes",NA,NA,NA,NA,NA,"yes"
"689","Eucalyptus mcquoidii",NA,NA,"yes","yes",NA,NA,NA,NA,NA,"yes",NA,NA,NA,NA,NA,NA,"yes"
"690","Eucalyptus medialis",NA,NA,"yes","yes","yes",NA,NA,"yes",NA,"yes",NA,"yes",NA,"yes",NA,NA,"yes"
"691","Eucalyptus megacarpa",NA,NA,"yes","yes",NA,NA,NA,NA,NA,"yes",NA,NA,NA,NA,NA,NA,"yes"
"692","Eucalyptus megacornuta",NA,NA,"yes","yes",NA,NA,NA,NA,NA,"yes",NA,NA,NA,NA,NA,NA,"yes"
"693","Eucalyptus melanophitra",NA,NA,"yes","yes",NA,NA,NA,"yes","yes",NA,NA,"yes",NA,"yes",NA,NA,"yes"
"694","Eucalyptus melliodora",NA,NA,"yes","yes",NA,"yes",NA,"yes","yes",NA,"yes","yes",NA,"yes",NA,NA,"yes"
"695","Eucalyptus michaeliana",NA,NA,"yes","yes",NA,NA,NA,NA,NA,"yes",NA,NA,NA,NA,NA,NA,"yes"
"696","Eucalyptus micranthera",NA,NA,"yes","yes","yes",NA,NA,NA,NA,"yes",NA,NA,NA,NA,NA,NA,"yes"
"697","Eucalyptus microcarpa",NA,NA,"yes","yes","yes",NA,NA,"yes","yes",NA,NA,"yes",NA,NA,NA,"yes","yes"
"698","Eucalyptus microschema",NA,NA,"yes","yes","yes",NA,NA,NA,NA,"yes",NA,NA,NA,NA,NA,NA,"yes"
"699","Eucalyptus mimica subsp. continens",NA,NA,"yes","yes",NA,NA,NA,NA,NA,"yes",NA,NA,NA,NA,NA,NA,"yes"
"700","Eucalyptus mimica subsp. mimica",NA,NA,"yes","yes",NA,NA,NA,NA,NA,"yes",NA,NA,NA,NA,NA,NA,"yes"
"701","Eucalyptus miniata",NA,NA,"yes","yes",NA,"yes",NA,"yes","yes",NA,NA,NA,NA,NA,NA,NA,"yes"
"702","Eucalyptus misella",NA,NA,"yes","yes","yes","yes",NA,"yes",NA,"yes","yes",NA,NA,"yes",NA,NA,"yes"
"703","Eucalyptus mitchelliana",NA,NA,"yes","yes","yes",NA,NA,NA,NA,"yes",NA,NA,NA,NA,NA,NA,"yes"
"704","Eucalyptus moluccana",NA,NA,"yes","yes",NA,NA,NA,"yes","yes",NA,NA,"yes",NA,NA,NA,"yes","yes"
"705","Eucalyptus mooreana",NA,NA,"yes","yes",NA,NA,NA,NA,NA,"yes",NA,NA,NA,NA,NA,NA,"yes"
"706","Eucalyptus moorei subsp. moorei",NA,NA,"yes","yes",NA,NA,NA,NA,NA,"yes",NA,NA,NA,NA,NA,NA,"yes"
"707","Eucalyptus moorei subsp. serpentinicola",NA,NA,"yes","yes",NA,NA,NA,NA,NA,"yes",NA,NA,NA,NA,NA,NA,"yes"
"708","Eucalyptus morrisbyi",NA,NA,"yes","yes",NA,NA,NA,"yes",NA,"yes","yes",NA,NA,NA,NA,NA,"yes"
"709","Eucalyptus morrisii",NA,NA,"yes","yes","yes","yes",NA,"yes","yes",NA,NA,"yes",NA,NA,NA,NA,"yes"
"710","Eucalyptus multicaulis",NA,NA,"yes","yes",NA,NA,NA,"yes",NA,"yes","yes",NA,NA,NA,NA,NA,"yes"
"711","Eucalyptus myriadena",NA,NA,"yes","yes",NA,NA,NA,"yes",NA,"yes",NA,"yes","yes",NA,NA,NA,"yes"
"712","Eucalyptus nandewarica",NA,NA,"yes","yes",NA,"yes",NA,"yes",NA,"yes","yes",NA,NA,NA,NA,NA,"yes"
"713","Eucalyptus nebulosa",NA,NA,"yes","yes","yes",NA,NA,NA,NA,"yes",NA,NA,NA,NA,NA,NA,"yes"
"714","Eucalyptus neutra",NA,NA,"yes",NA,"yes",NA,NA,NA,NA,"yes",NA,NA,NA,NA,NA,NA,"yes"
"715","Eucalyptus newbeyi",NA,NA,"yes","yes",NA,NA,NA,NA,NA,"yes",NA,NA,NA,NA,NA,NA,"yes"
"716","Eucalyptus nigrifunda",NA,NA,"yes","yes",NA,NA,NA,"yes","yes",NA,"yes","yes",NA,NA,NA,NA,"yes"
"717","Eucalyptus nitens",NA,NA,"yes","yes","yes",NA,NA,"yes",NA,"yes","yes",NA,NA,NA,NA,NA,"yes"
"718","Eucalyptus nitida",NA,NA,"yes",NA,"yes","yes",NA,"yes","yes","yes",NA,NA,NA,NA,NA,NA,"yes"
"719","Eucalyptus nobilis",NA,NA,"yes","yes","yes",NA,NA,"yes",NA,"yes","yes",NA,NA,NA,NA,NA,"yes"
"720","Eucalyptus notactites",NA,NA,"yes","yes",NA,NA,NA,NA,NA,"yes",NA,NA,NA,NA,NA,NA,"yes"
"721","Eucalyptus nudicaulis",NA,NA,"yes","yes",NA,NA,NA,NA,NA,"yes",NA,NA,NA,NA,NA,NA,"yes"
"722","Eucalyptus nutans",NA,NA,"yes","yes",NA,NA,NA,NA,NA,"yes",NA,NA,NA,NA,NA,NA,"yes"
"723","Eucalyptus obesa",NA,NA,"yes","yes","yes",NA,NA,NA,NA,"yes",NA,NA,NA,NA,NA,NA,"yes"
"724","Eucalyptus obtusiflora",NA,NA,"yes","yes","yes",NA,NA,"yes",NA,"yes",NA,"yes",NA,"yes",NA,NA,"yes"
"725","Eucalyptus ochrophloia",NA,NA,"yes","yes",NA,NA,NA,"yes",NA,NA,NA,"yes",NA,NA,NA,"yes","yes"
"726","Eucalyptus odontocarpa",NA,NA,"yes","yes",NA,NA,NA,"yes",NA,"yes",NA,NA,NA,"yes",NA,NA,"yes"
"727","Eucalyptus oleosa subsp. corvina",NA,NA,"yes","yes",NA,"yes",NA,"yes",NA,NA,NA,"yes","yes",NA,NA,NA,"yes"
"728","Eucalyptus oleosa subsp. cylindroidea",NA,NA,"yes","yes",NA,"yes",NA,"yes",NA,NA,NA,"yes",NA,NA,NA,NA,"yes"
"729","Eucalyptus oleosa subsp. oleosa",NA,NA,"yes","yes","yes","yes",NA,"yes","yes","yes","yes","yes",NA,"yes",NA,NA,"yes"
"730","Eucalyptus olivina",NA,NA,"yes","yes",NA,NA,NA,NA,NA,"yes",NA,NA,NA,NA,NA,NA,"yes"
"731","Eucalyptus olsenii",NA,NA,"yes","yes","yes","yes",NA,"yes",NA,NA,NA,NA,NA,NA,NA,NA,"yes"
"732","Eucalyptus opimiflora",NA,NA,"yes","yes",NA,NA,NA,NA,NA,"yes",NA,NA,NA,NA,NA,NA,"yes"
"733","Eucalyptus optima",NA,NA,"yes","yes",NA,NA,NA,NA,NA,"yes",NA,NA,NA,NA,NA,NA,"yes"
"734","Eucalyptus oraria",NA,NA,"yes","yes",NA,"yes",NA,"yes",NA,"yes",NA,"yes",NA,NA,NA,NA,"yes"
"735","Eucalyptus ordiana",NA,NA,"yes","yes",NA,NA,NA,NA,NA,"yes",NA,NA,NA,NA,NA,NA,"yes"
"736","Eucalyptus oreades",NA,NA,"yes","yes","yes",NA,NA,"yes",NA,NA,"yes",NA,NA,"yes",NA,NA,"yes"
"737","Eucalyptus orgadophila",NA,NA,"yes","yes",NA,NA,NA,"yes","yes",NA,NA,"yes",NA,NA,NA,NA,"yes"
"738","Eucalyptus ornata",NA,NA,"yes","yes",NA,NA,NA,NA,NA,"yes",NA,NA,NA,NA,NA,NA,"yes"
"739","Eucalyptus orthostemon",NA,NA,"yes","yes",NA,NA,NA,NA,NA,"yes",NA,NA,NA,NA,NA,NA,"yes"
"740","Eucalyptus ovata var. grandiflora",NA,NA,"yes","yes",NA,NA,NA,"yes",NA,"yes","yes",NA,NA,NA,NA,NA,"yes"
"741","Eucalyptus ovata var. ovata",NA,NA,"yes","yes",NA,"yes",NA,"yes",NA,"yes","yes",NA,NA,NA,NA,NA,"yes"
"742","Eucalyptus oxymitra",NA,NA,"yes","yes","yes","yes",NA,"yes",NA,"yes","yes",NA,NA,"yes",NA,NA,"yes"
"743","Eucalyptus pachycalyx subsp. pachycalyx",NA,NA,"yes","yes",NA,NA,NA,NA,NA,"yes",NA,NA,NA,NA,NA,NA,"yes"
"744","Eucalyptus pachycalyx subsp. waajensis",NA,NA,"yes","yes",NA,NA,NA,NA,NA,"yes",NA,NA,NA,NA,NA,NA,"yes"
"745","Eucalyptus pachyloma",NA,NA,"yes","yes",NA,NA,NA,NA,NA,"yes",NA,NA,NA,NA,NA,NA,"yes"
"746","Eucalyptus pachyphylla",NA,NA,"yes","yes",NA,"yes",NA,"yes",NA,"yes",NA,"yes",NA,NA,NA,NA,"yes"
"747","Eucalyptus paliformis",NA,NA,"yes","yes",NA,NA,NA,NA,NA,"yes",NA,NA,NA,NA,NA,NA,"yes"
"748","Eucalyptus paludicola",NA,NA,"yes","yes",NA,"yes",NA,"yes",NA,"yes","yes",NA,NA,NA,NA,NA,"yes"
"749","Eucalyptus pantoleuca",NA,NA,"yes","yes",NA,NA,NA,NA,NA,"yes",NA,NA,NA,NA,NA,NA,"yes"
"750","Eucalyptus parramattensis subsp. decadens",NA,NA,"yes","yes",NA,NA,NA,NA,NA,"yes",NA,NA,NA,NA,NA,NA,"yes"
"751","Eucalyptus parramattensis subsp. parramattensis",NA,NA,"yes","yes",NA,NA,NA,NA,NA,"yes",NA,NA,NA,NA,NA,NA,"yes"
"752","Eucalyptus parramattensis var. sphaerocalyx",NA,NA,"yes","yes",NA,NA,NA,NA,NA,"yes",NA,NA,NA,NA,NA,NA,"yes"
"753","Eucalyptus parvula",NA,NA,"yes","yes","yes",NA,NA,"yes",NA,"yes","yes",NA,NA,NA,NA,NA,"yes"
"754","Eucalyptus pauciflora subsp. acerina",NA,NA,"yes","yes","yes",NA,NA,NA,NA,"yes",NA,NA,NA,NA,NA,NA,"yes"
"755","Eucalyptus pauciflora subsp. debeuzevillei",NA,NA,"yes","yes",NA,NA,NA,NA,NA,"yes",NA,NA,NA,NA,NA,NA,"yes"
"756","Eucalyptus pauciflora subsp. hedraia",NA,NA,"yes","yes",NA,NA,NA,NA,NA,"yes",NA,NA,NA,NA,NA,NA,"yes"
"757","Eucalyptus pauciflora subsp. niphophila",NA,NA,"yes","yes",NA,NA,NA,NA,NA,"yes",NA,NA,NA,NA,NA,NA,"yes"
"758","Eucalyptus pauciflora subsp. pauciflora",NA,NA,"yes","yes",NA,NA,NA,NA,NA,"yes",NA,NA,NA,NA,NA,NA,"yes"
"759","Eucalyptus pendens",NA,NA,"yes","yes",NA,NA,NA,NA,NA,"yes",NA,NA,NA,NA,NA,NA,"yes"
"760","Eucalyptus peninsularis",NA,NA,"yes","yes","yes","yes",NA,"yes",NA,"yes",NA,NA,NA,NA,NA,NA,"yes"
"761","Eucalyptus perangusta",NA,NA,"yes","yes",NA,NA,NA,NA,NA,"yes",NA,NA,NA,NA,NA,NA,"yes"
"762","Eucalyptus percostata",NA,NA,"yes","yes",NA,NA,NA,NA,NA,"yes",NA,NA,NA,NA,NA,NA,"yes"
"763","Eucalyptus perriniana",NA,NA,"yes","yes","yes",NA,NA,"yes",NA,"yes","yes",NA,NA,NA,NA,NA,"yes"
"764","Eucalyptus petiolaris",NA,NA,"yes","yes",NA,NA,NA,"yes","yes","yes","yes","yes",NA,NA,NA,NA,"yes"
"765","Eucalyptus petraea",NA,NA,"yes","yes","yes","yes",NA,"yes",NA,"yes",NA,"yes",NA,"yes",NA,NA,"yes"
"766","Eucalyptus petrensis",NA,NA,"yes","yes","yes",NA,NA,"yes",NA,"yes",NA,NA,NA,"yes",NA,NA,"yes"
"767","Eucalyptus phaenophylla subsp. interjacens",NA,NA,"yes","yes","yes",NA,NA,NA,NA,"yes",NA,NA,NA,NA,NA,NA,"yes"
"768","Eucalyptus phaenophylla subsp. phaenophylla",NA,NA,"yes","yes","yes",NA,NA,NA,NA,"yes",NA,NA,NA,NA,NA,NA,"yes"
"769","Eucalyptus phenax subsp. compressa",NA,NA,"yes","yes","yes",NA,NA,"yes",NA,"yes","yes",NA,NA,NA,NA,NA,"yes"
"770","Eucalyptus phenax subsp. phenax",NA,NA,"yes","yes","yes",NA,NA,NA,NA,"yes",NA,NA,NA,NA,NA,NA,"yes"
"771","Eucalyptus pilbarensis",NA,NA,"yes","yes",NA,NA,NA,NA,NA,"yes",NA,NA,NA,NA,NA,NA,NA
"772","Eucalyptus pileata",NA,NA,"yes","yes","yes",NA,NA,NA,NA,"yes",NA,NA,NA,NA,NA,NA,"yes"
"773","Eucalyptus pilularis",NA,NA,"yes","yes",NA,"yes",NA,"yes","yes",NA,NA,NA,NA,NA,NA,NA,"yes"
"774","Eucalyptus pimpiniana",NA,NA,"yes","yes",NA,NA,NA,NA,NA,"yes",NA,NA,NA,NA,NA,NA,"yes"
"775","Eucalyptus platydisca",NA,NA,"yes","yes",NA,NA,NA,NA,NA,"yes",NA,NA,NA,NA,NA,NA,"yes"
"776","Eucalyptus platyphylla",NA,NA,"yes","yes",NA,NA,NA,NA,NA,"yes",NA,NA,NA,NA,NA,NA,"yes"
"777","Eucalyptus platypus subsp. congregata",NA,NA,"yes","yes",NA,NA,NA,NA,NA,"yes",NA,NA,NA,NA,NA,NA,"yes"
"778","Eucalyptus platypus subsp. platypus",NA,NA,"yes","yes",NA,NA,NA,NA,NA,"yes",NA,NA,NA,NA,NA,NA,"yes"
"779","Eucalyptus pleurocarpa",NA,NA,"yes","yes",NA,NA,NA,NA,NA,"yes",NA,NA,NA,NA,NA,NA,"yes"
"780","Eucalyptus pluricaulis subsp. pluricaulis",NA,NA,"yes","yes","yes",NA,NA,NA,NA,"yes",NA,NA,NA,NA,NA,NA,"yes"
"781","Eucalyptus pluricaulis subsp. porphyrea",NA,NA,"yes","yes","yes",NA,NA,"yes",NA,"yes",NA,NA,NA,"yes",NA,NA,"yes"
"782","Eucalyptus polita",NA,NA,"yes","yes","yes",NA,NA,NA,NA,"yes",NA,NA,NA,NA,NA,NA,"yes"
"783","Eucalyptus polyanthemos subsp. polyanthemos",NA,NA,"yes","yes",NA,"yes",NA,"yes",NA,"yes",NA,"yes",NA,NA,NA,NA,"yes"
"784","Eucalyptus polybractea",NA,NA,"yes","yes","yes","yes",NA,"yes",NA,"yes",NA,"yes",NA,NA,NA,NA,"yes"
"785","Eucalyptus praetermissa",NA,NA,"yes","yes",NA,NA,NA,"yes",NA,"yes",NA,NA,NA,"yes",NA,NA,"yes"
"786","Eucalyptus prava",NA,NA,"yes","yes",NA,NA,NA,NA,NA,"yes",NA,NA,NA,NA,NA,NA,"yes"
"787","Eucalyptus preissiana subsp. lobata",NA,NA,"yes","yes",NA,NA,NA,NA,NA,"yes",NA,NA,NA,NA,NA,NA,"yes"
"788","Eucalyptus preissiana subsp. preissiana",NA,NA,"yes","yes",NA,NA,NA,NA,NA,"yes",NA,NA,NA,NA,NA,NA,"yes"
"789","Eucalyptus prolixa",NA,NA,"yes","yes",NA,NA,NA,"yes",NA,"yes",NA,"yes",NA,NA,NA,NA,"yes"
"790","Eucalyptus prominens",NA,NA,"yes","yes",NA,"yes",NA,"yes",NA,"yes",NA,"yes",NA,NA,NA,NA,"yes"
"791","Eucalyptus propinqua",NA,NA,"yes","yes",NA,NA,NA,NA,NA,"yes",NA,NA,NA,NA,NA,NA,"yes"
"792","Eucalyptus protensa",NA,NA,"yes","yes",NA,NA,NA,NA,NA,"yes",NA,NA,NA,NA,NA,NA,"yes"
"793","Eucalyptus pruiniramis",NA,NA,"yes","yes","yes","yes",NA,"yes",NA,"yes",NA,"yes",NA,"yes",NA,NA,"yes"
"794","Eucalyptus pterocarpa",NA,NA,"yes","yes","yes",NA,NA,NA,NA,"yes",NA,NA,NA,NA,NA,NA,"yes"
"795","Eucalyptus pulchella",NA,NA,"yes","yes","yes","yes",NA,"yes",NA,"yes","yes",NA,NA,NA,NA,NA,"yes"
"796","Eucalyptus pulverulenta",NA,NA,"yes","yes","yes",NA,NA,NA,NA,"yes",NA,NA,NA,NA,NA,NA,"yes"
"797","Eucalyptus pumila",NA,NA,"yes","yes",NA,NA,NA,NA,NA,"yes",NA,NA,NA,NA,NA,NA,"yes"
"798","Eucalyptus punctata",NA,NA,"yes","yes",NA,NA,NA,NA,NA,"yes",NA,NA,NA,NA,NA,NA,"yes"
"799","Eucalyptus purpurata",NA,NA,"yes","yes",NA,NA,NA,NA,NA,"yes",NA,NA,NA,NA,NA,NA,"yes"
"800","Eucalyptus pyriformis",NA,NA,"yes","yes","yes",NA,NA,"yes",NA,"yes",NA,NA,NA,"yes",NA,NA,"yes"
"801","Eucalyptus quadrans",NA,NA,"yes","yes",NA,"yes",NA,"yes",NA,"yes","yes",NA,NA,NA,NA,NA,"yes"
"802","Eucalyptus quaerenda",NA,NA,"yes","yes","yes",NA,NA,"yes",NA,"yes",NA,NA,NA,"yes",NA,NA,"yes"
"803","Eucalyptus racemosa subsp. racemosa",NA,NA,"yes","yes",NA,NA,NA,NA,NA,"yes",NA,NA,NA,NA,NA,NA,"yes"
"804","Eucalyptus racemosa subsp. rossii",NA,NA,"yes","yes",NA,NA,NA,NA,NA,"yes",NA,NA,NA,NA,NA,NA,"yes"
"805","Eucalyptus rameliana",NA,NA,"yes","yes","yes",NA,NA,NA,NA,"yes",NA,NA,NA,NA,NA,NA,"yes"
"806","Eucalyptus ravida",NA,NA,"yes","yes",NA,NA,NA,NA,NA,"yes",NA,NA,NA,NA,NA,NA,"yes"
"807","Eucalyptus recta",NA,NA,"yes","yes",NA,NA,NA,NA,NA,"yes",NA,NA,NA,NA,NA,NA,"yes"
"808","Eucalyptus recurva",NA,NA,"yes","yes","yes",NA,NA,NA,NA,"yes",NA,NA,NA,NA,NA,NA,"yes"
"809","Eucalyptus redunca",NA,NA,"yes","yes","yes",NA,NA,NA,NA,"yes",NA,NA,NA,NA,NA,NA,"yes"
"810","Eucalyptus regnans",NA,NA,"yes","yes","yes","yes",NA,"yes",NA,NA,"yes",NA,NA,NA,NA,NA,"yes"
"811","Eucalyptus remota",NA,NA,"yes","yes",NA,"yes",NA,"yes","yes","yes",NA,NA,NA,NA,NA,NA,"yes"
"812","Eucalyptus repullulans",NA,NA,"yes","yes","yes","yes",NA,"yes",NA,"yes",NA,"yes",NA,NA,NA,NA,"yes"
"813","Eucalyptus retusa",NA,NA,"yes","yes",NA,NA,NA,NA,NA,"yes",NA,NA,NA,NA,NA,NA,"yes"
"814","Eucalyptus rhodantha",NA,NA,"yes","yes","yes",NA,NA,NA,NA,"yes",NA,NA,NA,NA,NA,NA,"yes"
"815","Eucalyptus rhomboidea",NA,NA,"yes","yes","yes",NA,NA,NA,NA,"yes",NA,NA,NA,NA,NA,NA,"yes"
"816","Eucalyptus rigens",NA,NA,"yes","yes",NA,NA,NA,NA,NA,"yes",NA,NA,NA,NA,NA,NA,"yes"
"817","Eucalyptus rigidula",NA,NA,"yes","yes","yes","yes",NA,"yes",NA,"yes",NA,NA,NA,"yes",NA,NA,"yes"
"818","Eucalyptus risdonii",NA,NA,"yes","yes",NA,NA,NA,NA,NA,"yes",NA,NA,NA,NA,NA,NA,"yes"
"819","Eucalyptus rosacea",NA,NA,"yes","yes",NA,NA,NA,NA,NA,"yes",NA,NA,NA,NA,NA,NA,"yes"
"820","Eucalyptus rowleyi",NA,NA,"yes","yes",NA,NA,NA,NA,NA,"yes",NA,NA,NA,NA,NA,NA,"yes"
"821","Eucalyptus roycei",NA,NA,"yes","yes",NA,"yes",NA,"yes",NA,NA,NA,"yes",NA,NA,NA,NA,"yes"
"822","Eucalyptus rubida subsp. barbigerorum",NA,NA,"yes","yes","yes",NA,NA,"yes",NA,NA,"yes",NA,NA,NA,NA,NA,"yes"
"823","Eucalyptus rubida subsp. rubida",NA,NA,"yes","yes","yes",NA,NA,"yes",NA,"yes","yes",NA,NA,NA,NA,NA,"yes"
"824","Eucalyptus rugosa",NA,NA,"yes","yes","yes",NA,NA,NA,NA,"yes",NA,NA,NA,NA,NA,NA,"yes"
"825","Eucalyptus rugulata",NA,NA,"yes","yes",NA,NA,NA,NA,NA,"yes",NA,NA,NA,NA,NA,NA,"yes"
"826","Eucalyptus rupestris",NA,NA,"yes","yes",NA,NA,NA,NA,NA,"yes",NA,NA,NA,NA,NA,NA,"yes"
"827","Eucalyptus salicola",NA,NA,"yes","yes",NA,NA,NA,NA,NA,"yes",NA,NA,NA,NA,NA,NA,"yes"
"828","Eucalyptus saligna",NA,NA,"yes","yes",NA,NA,NA,"yes",NA,"yes","yes",NA,NA,NA,NA,NA,"yes"
"829","Eucalyptus salmonophloia",NA,NA,"yes","yes",NA,NA,NA,NA,NA,"yes",NA,NA,NA,NA,NA,NA,"yes"
"830","Eucalyptus salubris",NA,NA,"yes","yes",NA,NA,NA,NA,NA,"yes",NA,NA,NA,NA,NA,NA,"yes"
"831","Eucalyptus sargentii subsp. onesia",NA,NA,"yes","yes","yes",NA,NA,"yes",NA,"yes","yes","yes",NA,NA,NA,NA,"yes"
"832","Eucalyptus sargentii subsp. sargentii",NA,NA,"yes","yes",NA,NA,NA,"yes","yes","yes","yes","yes",NA,NA,NA,NA,"yes"
"833","Eucalyptus saxatilis",NA,NA,"yes","yes","yes",NA,NA,NA,NA,"yes",NA,NA,NA,NA,NA,NA,"yes"
"834","Eucalyptus scoparia",NA,NA,"yes","yes",NA,NA,NA,NA,NA,"yes",NA,NA,NA,NA,NA,NA,"yes"
"835","Eucalyptus seeana",NA,NA,"yes","yes",NA,NA,NA,NA,NA,"yes",NA,NA,NA,NA,NA,NA,"yes"
"836","Eucalyptus selachiana",NA,NA,"yes","yes",NA,"yes",NA,"yes",NA,"yes",NA,"yes",NA,NA,NA,NA,"yes"
"837","Eucalyptus semiglobosa",NA,NA,"yes","yes",NA,NA,NA,NA,NA,"yes",NA,NA,NA,NA,NA,NA,"yes"
"838","Eucalyptus sepulcralis",NA,NA,"yes","yes",NA,NA,NA,NA,NA,"yes",NA,NA,NA,NA,NA,NA,"yes"
"839","Eucalyptus sessilis",NA,NA,"yes","yes",NA,NA,NA,"yes",NA,"yes",NA,"yes",NA,"yes",NA,NA,"yes"
"840","Eucalyptus sheathiana",NA,NA,"yes","yes","yes",NA,NA,NA,NA,"yes",NA,NA,NA,NA,NA,NA,"yes"
"841","Eucalyptus sieberi",NA,NA,"yes","yes",NA,"yes",NA,"yes","yes",NA,NA,NA,"yes",NA,"yes",NA,"yes"
"842","Eucalyptus singularis",NA,NA,"yes","yes","yes",NA,NA,"yes",NA,"yes","yes",NA,NA,"yes",NA,NA,"yes"
"843","Eucalyptus sinuosa",NA,NA,"yes","yes","yes",NA,NA,NA,NA,"yes",NA,NA,NA,NA,NA,NA,"yes"
"844","Eucalyptus smithii",NA,NA,"yes",NA,"yes",NA,NA,"yes","yes","yes",NA,NA,"yes",NA,NA,NA,"yes"
"845","Eucalyptus socialis subsp. socialis",NA,NA,"yes","yes","yes","yes",NA,"yes",NA,"yes","yes","yes",NA,NA,NA,NA,"yes"
"846","Eucalyptus socialis subsp. victoriensis",NA,NA,"yes","yes","yes","yes",NA,"yes",NA,"yes","yes","yes",NA,"yes",NA,NA,"yes"
"847","Eucalyptus socialis subsp. viridans",NA,NA,"yes","yes",NA,NA,NA,"yes",NA,NA,NA,"yes",NA,"yes",NA,NA,"yes"
"848","Eucalyptus sp. Kalbarri",NA,NA,"yes","yes",NA,NA,NA,NA,NA,"yes",NA,NA,NA,NA,NA,NA,"yes"
"849","Eucalyptus sp. Southern Wheatbelt",NA,NA,"yes","yes","yes",NA,NA,"yes",NA,"yes","yes",NA,NA,"yes",NA,NA,"yes"
"850","Eucalyptus sp. Undulans",NA,NA,"yes","yes",NA,NA,NA,NA,NA,"yes",NA,NA,NA,NA,NA,NA,"yes"
"851","Eucalyptus sparsa",NA,NA,"yes","yes",NA,"yes",NA,"yes","yes","yes",NA,"yes",NA,NA,NA,NA,"yes"
"852","Eucalyptus spathulata subsp. salina",NA,NA,"yes","yes",NA,NA,NA,NA,NA,"yes",NA,NA,NA,NA,NA,NA,"yes"
"853","Eucalyptus spathulata subsp. spathulata",NA,NA,"yes","yes",NA,NA,NA,NA,NA,"yes",NA,NA,NA,NA,NA,NA,"yes"
"854","Eucalyptus sporadica",NA,NA,"yes","yes","yes",NA,NA,NA,NA,"yes",NA,NA,NA,NA,NA,NA,"yes"
"855","Eucalyptus spreta",NA,NA,"yes","yes","yes",NA,NA,NA,NA,"yes",NA,NA,NA,NA,NA,NA,"yes"
"856","Eucalyptus steedmanii",NA,NA,"yes","yes",NA,NA,NA,NA,NA,"yes",NA,NA,NA,NA,NA,NA,"yes"
"857","Eucalyptus stellulata",NA,NA,"yes","yes","yes",NA,NA,"yes",NA,NA,"yes",NA,"yes",NA,NA,NA,"yes"
"858","Eucalyptus stenostoma",NA,NA,"yes","yes",NA,"yes",NA,"yes",NA,NA,NA,NA,"yes",NA,NA,NA,"yes"
"859","Eucalyptus stoatei",NA,NA,"yes","yes","yes",NA,NA,NA,NA,"yes",NA,NA,NA,NA,NA,NA,"yes"
"860","Eucalyptus stowardii",NA,NA,"yes","yes",NA,NA,NA,NA,NA,"yes",NA,NA,NA,NA,NA,NA,"yes"
"861","Eucalyptus stricklandii",NA,NA,"yes","yes",NA,NA,NA,"yes",NA,NA,NA,"yes",NA,NA,NA,NA,"yes"
"862","Eucalyptus stricta",NA,NA,"yes","yes","yes",NA,NA,NA,NA,"yes",NA,NA,NA,NA,NA,NA,"yes"
"863","Eucalyptus strzeleckii",NA,NA,"yes","yes","yes",NA,NA,"yes",NA,"yes","yes",NA,NA,NA,NA,NA,"yes"
"864","Eucalyptus sturgissiana",NA,NA,"yes","yes",NA,NA,NA,NA,NA,"yes",NA,NA,NA,NA,NA,NA,"yes"
"865","Eucalyptus subangusta subsp. cerina",NA,NA,"yes","yes",NA,NA,NA,NA,NA,"yes",NA,NA,NA,NA,NA,NA,"yes"
"866","Eucalyptus subangusta subsp. pusilla",NA,NA,"yes","yes",NA,NA,NA,NA,NA,"yes",NA,NA,NA,NA,NA,NA,"yes"
"867","Eucalyptus subangusta subsp. subangusta",NA,NA,"yes","yes","yes",NA,NA,NA,NA,"yes",NA,NA,NA,NA,NA,NA,"yes"
"868","Eucalyptus subangusta subsp. virescens",NA,NA,"yes","yes",NA,NA,NA,NA,NA,"yes",NA,NA,NA,NA,NA,NA,"yes"
"869","Eucalyptus subcrenulata",NA,NA,"yes","yes",NA,NA,NA,NA,NA,"yes",NA,NA,NA,NA,NA,NA,"yes"
"870","Eucalyptus suberea",NA,NA,"yes","yes",NA,NA,NA,"yes","yes",NA,NA,"yes",NA,NA,NA,"yes","yes"
"871","Eucalyptus subtilis",NA,NA,"yes","yes","yes",NA,NA,NA,NA,"yes",NA,NA,NA,NA,NA,NA,"yes"
"872","Eucalyptus suggrandis subsp. promiscua",NA,NA,"yes","yes",NA,NA,NA,NA,NA,"yes",NA,NA,NA,NA,NA,NA,"yes"
"873","Eucalyptus suggrandis subsp. suggrandis",NA,NA,"yes","yes",NA,NA,NA,NA,NA,"yes",NA,NA,NA,NA,NA,NA,"yes"
"874","Eucalyptus surgens",NA,NA,"yes","yes",NA,"yes",NA,"yes",NA,"yes",NA,"yes",NA,NA,NA,NA,"yes"
"875","Eucalyptus sweedmaniana",NA,NA,"yes",NA,NA,NA,NA,NA,NA,"yes",NA,NA,NA,NA,NA,NA,NA
"876","Eucalyptus synandra",NA,NA,"yes","yes",NA,NA,NA,NA,NA,"yes",NA,NA,NA,NA,NA,NA,"yes"
"877","Eucalyptus talyuberlup",NA,NA,"yes","yes","yes",NA,NA,NA,NA,"yes",NA,NA,NA,NA,NA,NA,"yes"
"878","Eucalyptus tenera",NA,NA,"yes","yes",NA,NA,NA,NA,NA,"yes",NA,NA,NA,NA,NA,NA,"yes"
"879","Eucalyptus tenuiramis",NA,NA,"yes","yes",NA,NA,NA,"yes",NA,"yes","yes",NA,NA,NA,NA,NA,"yes"
"880","Eucalyptus tenuis",NA,NA,"yes","yes","yes",NA,NA,NA,NA,"yes",NA,NA,NA,NA,NA,NA,"yes"
"881","Eucalyptus tephroclada",NA,NA,"yes","yes",NA,NA,NA,NA,NA,"yes",NA,NA,NA,NA,NA,NA,"yes"
"882","Eucalyptus terebra",NA,NA,"yes","yes",NA,NA,NA,NA,NA,"yes",NA,NA,NA,NA,NA,NA,"yes"
"883","Eucalyptus tereticornis subsp. basaltica",NA,NA,"yes","yes",NA,NA,NA,"yes",NA,"yes","yes",NA,NA,NA,NA,NA,"yes"
"884","Eucalyptus tereticornis subsp. mediana",NA,NA,"yes","yes",NA,NA,NA,"yes",NA,"yes","yes",NA,NA,NA,NA,NA,"yes"
"885","Eucalyptus tereticornis subsp. rotunda",NA,NA,"yes","yes",NA,NA,NA,"yes",NA,"yes","yes",NA,NA,NA,NA,NA,"yes"
"886","Eucalyptus tereticornis subsp. tereticornis",NA,NA,"yes","yes",NA,NA,NA,"yes",NA,"yes","yes",NA,NA,NA,NA,NA,"yes"
"887","Eucalyptus terrica",NA,NA,"yes","yes",NA,"yes",NA,"yes","yes",NA,NA,"yes",NA,NA,NA,NA,"yes"
"888","Eucalyptus tetraptera",NA,NA,"yes","yes","yes",NA,NA,NA,NA,"yes",NA,NA,NA,NA,NA,NA,"yes"
"889","Eucalyptus thamnoides subsp. megista",NA,NA,"yes","yes","yes","yes",NA,"yes",NA,"yes","yes","yes",NA,"yes",NA,NA,"yes"
"890","Eucalyptus thamnoides subsp. thamnoides",NA,NA,"yes","yes","yes",NA,NA,"yes",NA,"yes","yes",NA,NA,"yes",NA,NA,"yes"
"891","Eucalyptus thozetiana",NA,NA,"yes","yes",NA,NA,NA,"yes","yes","yes",NA,NA,NA,"yes",NA,"yes","yes"
"892","Eucalyptus tintinnans",NA,NA,"yes","yes",NA,NA,NA,NA,NA,"yes",NA,NA,NA,NA,NA,NA,"yes"
"893","Eucalyptus torquata",NA,NA,"yes","yes",NA,NA,NA,"yes","yes",NA,NA,"yes",NA,NA,NA,"yes","yes"
"894","Eucalyptus tortilis",NA,NA,"yes","yes",NA,NA,NA,NA,NA,"yes",NA,NA,NA,NA,NA,NA,"yes"
"895","Eucalyptus transcontinentalis",NA,NA,"yes","yes","yes",NA,NA,NA,NA,"yes",NA,NA,NA,NA,NA,NA,"yes"
"896","Eucalyptus triflora",NA,NA,"yes","yes","yes","yes",NA,"yes",NA,"yes","yes",NA,"yes",NA,NA,NA,"yes"
"897","Eucalyptus trivalvis",NA,NA,"yes","yes","yes","yes",NA,"yes","yes","yes",NA,NA,NA,"yes",NA,NA,"yes"
"898","Eucalyptus tumida",NA,NA,"yes","yes",NA,NA,NA,NA,NA,"yes",NA,NA,NA,NA,NA,NA,"yes"
"899","Eucalyptus ultima",NA,NA,"yes","yes",NA,"yes",NA,"yes",NA,"yes",NA,NA,NA,"yes",NA,NA,"yes"
"900","Eucalyptus umbrawarrensis",NA,NA,"yes","yes",NA,NA,NA,NA,NA,"yes",NA,NA,NA,NA,NA,NA,"yes"
"901","Eucalyptus uncinata",NA,NA,"yes","yes","yes","yes",NA,"yes",NA,"yes",NA,NA,NA,"yes",NA,NA,"yes"
"902","Eucalyptus urna",NA,NA,"yes","yes","yes",NA,NA,NA,NA,"yes",NA,NA,NA,NA,NA,NA,"yes"
"903","Eucalyptus urnigera",NA,NA,"yes","yes",NA,NA,NA,"yes",NA,"yes",NA,NA,NA,NA,NA,NA,"yes"
"904","Eucalyptus utilis",NA,NA,"yes","yes","yes",NA,NA,NA,NA,"yes",NA,NA,NA,NA,NA,NA,"yes"
"905","Eucalyptus valens",NA,NA,"yes","yes","yes",NA,NA,NA,NA,"yes",NA,NA,NA,NA,NA,NA,"yes"
"906","Eucalyptus varia subsp. salsuginosa",NA,NA,"yes","yes",NA,"yes",NA,"yes",NA,"yes",NA,"yes",NA,NA,NA,NA,"yes"
"907","Eucalyptus varia subsp. varia",NA,NA,"yes","yes",NA,NA,NA,NA,NA,"yes",NA,NA,NA,NA,NA,NA,"yes"
"908","Eucalyptus vegrandis subsp. recondita",NA,NA,"yes","yes","yes",NA,NA,NA,NA,"yes",NA,NA,NA,NA,NA,NA,"yes"
"909","Eucalyptus vegrandis subsp. vegrandis",NA,NA,"yes","yes","yes",NA,NA,NA,NA,"yes",NA,NA,NA,NA,NA,NA,"yes"
"910","Eucalyptus vernicosa",NA,NA,"yes","yes",NA,NA,NA,NA,NA,"yes",NA,NA,NA,NA,NA,NA,"yes"
"911","Eucalyptus verrucata",NA,NA,"yes","yes",NA,"yes",NA,"yes",NA,NA,"yes",NA,NA,NA,NA,NA,"yes"
"912","Eucalyptus vesiculosa",NA,NA,"yes","yes",NA,NA,NA,NA,NA,"yes",NA,NA,NA,NA,NA,NA,"yes"
"913","Eucalyptus vicina",NA,NA,"yes","yes",NA,NA,NA,"yes",NA,"yes","yes",NA,NA,NA,NA,NA,"yes"
"914","Eucalyptus victoriana",NA,NA,"yes","yes",NA,"yes",NA,"yes","yes",NA,NA,"yes",NA,NA,NA,NA,"yes"
"915","Eucalyptus victrix",NA,NA,"yes","yes",NA,NA,NA,NA,NA,"yes",NA,NA,NA,NA,NA,NA,"yes"
"916","Eucalyptus viminalis subsp. hentyensis",NA,NA,"yes","yes",NA,NA,NA,"yes",NA,NA,"yes",NA,NA,NA,NA,NA,"yes"
"917","Eucalyptus viminalis subsp. viminalis",NA,NA,"yes","yes","yes","yes",NA,"yes",NA,"yes","yes",NA,NA,NA,NA,NA,"yes"
"918","Eucalyptus virginea",NA,NA,"yes","yes",NA,NA,NA,NA,NA,"yes",NA,NA,NA,NA,NA,NA,"yes"
"919","Eucalyptus viridis",NA,NA,"yes","yes","yes","yes",NA,"yes",NA,"yes","yes","yes",NA,NA,NA,NA,"yes"
"920","Eucalyptus vittata",NA,NA,"yes",NA,"yes",NA,NA,NA,NA,"yes",NA,NA,NA,NA,NA,NA,"yes"
"921","Eucalyptus vokesensis",NA,NA,"yes","yes",NA,"yes",NA,"yes","yes",NA,NA,NA,NA,NA,NA,NA,"yes"
"922","Eucalyptus wandoo subsp. pulverea",NA,NA,"yes","yes",NA,NA,NA,NA,NA,"yes",NA,NA,NA,NA,NA,NA,"yes"
"923","Eucalyptus wandoo subsp. wandoo",NA,NA,"yes","yes",NA,NA,NA,NA,NA,"yes",NA,NA,NA,NA,NA,NA,"yes"
"924","Eucalyptus wilcoxii",NA,NA,"yes","yes","yes",NA,NA,NA,NA,"yes",NA,NA,NA,NA,NA,NA,"yes"
"925","Eucalyptus woodwardii",NA,NA,"yes","yes","yes",NA,NA,NA,NA,"yes",NA,NA,NA,NA,NA,NA,"yes"
"926","Eucalyptus woollsiana",NA,NA,"yes","yes",NA,NA,NA,"yes","yes",NA,NA,"yes",NA,NA,NA,"yes","yes"
"927","Eucalyptus wubinensis",NA,NA,"yes",NA,"yes",NA,NA,NA,NA,"yes",NA,NA,NA,NA,NA,NA,"yes"
"928","Eucalyptus x balanopelex",NA,NA,"yes","yes",NA,NA,NA,NA,NA,"yes",NA,NA,NA,NA,NA,NA,"yes"
"929","Eucalyptus x missilis",NA,NA,"yes","yes",NA,NA,NA,NA,NA,"yes",NA,NA,NA,NA,NA,NA,"yes"
"930","Eucalyptus xanthonema subsp. apposita",NA,NA,"yes","yes","yes",NA,NA,NA,NA,"yes",NA,NA,NA,NA,NA,NA,"yes"
"931","Eucalyptus xanthonema subsp. xanthonema",NA,NA,"yes","yes","yes",NA,NA,NA,NA,"yes",NA,NA,NA,NA,NA,NA,"yes"
"932","Eucalyptus yilgarnensis",NA,NA,"yes","yes",NA,NA,NA,"yes","yes","yes",NA,"yes",NA,NA,NA,NA,"yes"
"933","Eucalyptus yumbarrana",NA,NA,"yes","yes","yes",NA,NA,"yes",NA,"yes",NA,NA,NA,"yes",NA,NA,"yes"
"934","Eucalyptus proxima",NA,NA,NA,"yes",NA,NA,NA,NA,NA,"yes",NA,NA,NA,NA,NA,NA,"yes"
