"","species","bark_type_fibrous","bark_type_partly_fibrous","bark_type_any_shedding","trunk_only_shedding","branches_only_shedding","ribbons_in_branches","mixed_bark_shedding","mixed_bark_ribbons"
"1","Angophora bakeri subsp. crassifolia","wholly fibrous",NA,NA,NA,NA,NA,NA,NA
"2","Angophora floribunda","wholly fibrous",NA,NA,NA,NA,NA,NA,NA
"3","Angophora hispida","wholly fibrous",NA,NA,NA,NA,NA,NA,NA
"4","Angophora inopina","wholly fibrous",NA,NA,NA,NA,NA,NA,NA
"5","Angophora melanoxylon","wholly fibrous",NA,NA,NA,NA,NA,NA,NA
"6","Angophora robur","wholly fibrous",NA,NA,NA,NA,NA,NA,NA
"7","Angophora subvelutina","wholly fibrous",NA,NA,NA,NA,NA,NA,NA
"8","Angophora woodsiana","wholly fibrous",NA,NA,NA,NA,NA,NA,NA
"9","Corymbia cadophora subsp. cadophora","wholly fibrous",NA,NA,NA,NA,NA,NA,NA
"10","Corymbia cadophora subsp. polychroma","wholly fibrous",NA,NA,NA,NA,NA,NA,NA
"11","Corymbia jacobsiana","wholly fibrous",NA,NA,NA,NA,NA,NA,NA
"12","Corymbia nesophila","wholly fibrous",NA,NA,NA,NA,NA,NA,NA
"13","Corymbia ptychocarpa subsp. aptycha","wholly fibrous",NA,NA,NA,NA,NA,NA,NA
"14","Corymbia ptychocarpa subsp. ptychocarpa","wholly fibrous",NA,NA,NA,NA,NA,NA,NA
"15","Corymbia zygophylla","wholly fibrous",NA,NA,NA,NA,NA,NA,NA
"16","Eucalyptus acaciiformis","wholly fibrous",NA,NA,NA,NA,NA,NA,NA
"17","Eucalyptus acmenoides","wholly fibrous",NA,NA,NA,NA,NA,NA,NA
"18","Eucalyptus agglomerata","wholly fibrous",NA,NA,NA,NA,NA,NA,NA
"19","Eucalyptus angophoroides","wholly fibrous",NA,NA,NA,NA,NA,NA,NA
"20","Eucalyptus apothalassica","wholly fibrous",NA,NA,NA,NA,NA,NA,NA
"21","Eucalyptus arenacea","wholly fibrous",NA,NA,NA,NA,NA,NA,NA
"22","Eucalyptus aromaphloia subsp. aromaphloia","wholly fibrous",NA,NA,NA,NA,NA,NA,NA
"23","Eucalyptus aurifodina","wholly fibrous",NA,NA,NA,NA,NA,NA,NA
"24","Eucalyptus baileyana","wholly fibrous",NA,NA,NA,NA,NA,NA,NA
"25","Eucalyptus baxteri","wholly fibrous",NA,NA,NA,NA,NA,NA,NA
"26","Eucalyptus boliviana","wholly fibrous",NA,NA,NA,NA,NA,NA,NA
"27","Eucalyptus brevistylis","wholly fibrous",NA,NA,NA,NA,NA,NA,NA
"28","Eucalyptus bridgesiana","wholly fibrous",NA,NA,NA,NA,NA,NA,NA
"29","Eucalyptus caliginosa","wholly fibrous",NA,NA,NA,NA,NA,NA,NA
"30","Eucalyptus cameronii","wholly fibrous",NA,NA,NA,NA,NA,NA,NA
"31","Eucalyptus camfieldii","wholly fibrous",NA,NA,NA,NA,NA,NA,NA
"32","Eucalyptus capitellata","wholly fibrous",NA,NA,NA,NA,NA,NA,NA
"33","Eucalyptus carnea","wholly fibrous",NA,NA,NA,NA,NA,NA,NA
"34","Eucalyptus ceracea","wholly fibrous",NA,NA,NA,NA,NA,NA,NA
"35","Eucalyptus chlorophylla","wholly fibrous",NA,NA,NA,NA,NA,NA,NA
"36","Eucalyptus cinerea subsp. cinerea","wholly fibrous",NA,NA,NA,NA,NA,NA,NA
"37","Eucalyptus conglomerata","wholly fibrous",NA,NA,NA,NA,NA,NA,NA
"38","Eucalyptus conspicua subsp. dispar","wholly fibrous",NA,NA,NA,NA,NA,NA,NA
"39","Eucalyptus decipiens","wholly fibrous",NA,NA,NA,NA,NA,NA,NA
"40","Eucalyptus distans","wholly fibrous",NA,NA,NA,NA,NA,NA,NA
"41","Eucalyptus erosa","wholly fibrous",NA,NA,NA,NA,NA,NA,NA
"42","Eucalyptus eugenioides","wholly fibrous",NA,NA,NA,NA,NA,NA,NA
"43","Eucalyptus expressa","wholly fibrous",NA,NA,NA,NA,NA,NA,NA
"44","Eucalyptus globoidea","wholly fibrous",NA,NA,NA,NA,NA,NA,NA
"45","Eucalyptus gomphocephala","wholly fibrous",NA,NA,NA,NA,NA,NA,NA
"46","Eucalyptus guilfoylei","wholly fibrous",NA,NA,NA,NA,NA,NA,NA
"47","Eucalyptus helidonica","wholly fibrous",NA,NA,NA,NA,NA,NA,NA
"48","Eucalyptus howittiana","wholly fibrous",NA,NA,NA,NA,NA,NA,NA
"49","Eucalyptus ignorabilis","wholly fibrous",NA,NA,NA,NA,NA,NA,NA
"50","Eucalyptus imitans","wholly fibrous",NA,NA,NA,NA,NA,NA,NA
"51","Eucalyptus jacksonii","wholly fibrous",NA,NA,NA,NA,NA,NA,NA
"52","Eucalyptus jutsonii subsp. kobela","wholly fibrous",NA,NA,NA,NA,NA,NA,NA
"53","Eucalyptus kochii subsp. amaryssia","wholly fibrous",NA,NA,NA,NA,NA,NA,NA
"54","Eucalyptus latisinensis","wholly fibrous",NA,NA,NA,NA,NA,NA,NA
"55","Eucalyptus ligustrina","wholly fibrous",NA,NA,NA,NA,NA,NA,NA
"56","Eucalyptus lirata","wholly fibrous",NA,NA,NA,NA,NA,NA,NA
"57","Eucalyptus mackintii","wholly fibrous",NA,NA,NA,NA,NA,NA,NA
"58","Eucalyptus macrorhyncha subsp. cannonii","wholly fibrous",NA,NA,NA,NA,NA,NA,NA
"59","Eucalyptus macrorhyncha subsp. macrorhyncha","wholly fibrous",NA,NA,NA,NA,NA,NA,NA
"60","Eucalyptus mckieana","wholly fibrous",NA,NA,NA,NA,NA,NA,NA
"61","Eucalyptus mediocris","wholly fibrous",NA,NA,NA,NA,NA,NA,NA
"62","Eucalyptus megasepala","wholly fibrous",NA,NA,NA,NA,NA,NA,NA
"63","Eucalyptus microcorys","wholly fibrous",NA,NA,NA,NA,NA,NA,NA
"64","Eucalyptus muelleriana","wholly fibrous",NA,NA,NA,NA,NA,NA,NA
"65","Eucalyptus nicholii","wholly fibrous",NA,NA,NA,NA,NA,NA,NA
"66","Eucalyptus notabilis","wholly fibrous",NA,NA,NA,NA,NA,NA,NA
"67","Eucalyptus oligantha","wholly fibrous",NA,NA,NA,NA,NA,NA,NA
"68","Eucalyptus patens","wholly fibrous",NA,NA,NA,NA,NA,NA,NA
"69","Eucalyptus pellita","wholly fibrous",NA,NA,NA,NA,NA,NA,NA
"70","Eucalyptus prominula","wholly fibrous",NA,NA,NA,NA,NA,NA,NA
"71","Eucalyptus pruinosa subsp. pruinosa","wholly fibrous",NA,NA,NA,NA,NA,NA,NA
"72","Eucalyptus pruinosa subsp. tenuata","wholly fibrous",NA,NA,NA,NA,NA,NA,NA
"73","Eucalyptus psammitica","wholly fibrous",NA,NA,NA,NA,NA,NA,NA
"74","Eucalyptus relicta","wholly fibrous",NA,NA,NA,NA,NA,NA,NA
"75","Eucalyptus resinifera subsp. hemilampra","wholly fibrous",NA,NA,NA,NA,NA,NA,NA
"76","Eucalyptus resinifera subsp. resinifera","wholly fibrous",NA,NA,NA,NA,NA,NA,NA
"77","Eucalyptus robusta","wholly fibrous",NA,NA,NA,NA,NA,NA,NA
"78","Eucalyptus rubiginosa","wholly fibrous",NA,NA,NA,NA,NA,NA,NA
"79","Eucalyptus rudderi","wholly fibrous",NA,NA,NA,NA,NA,NA,NA
"80","Eucalyptus scias subsp. apoda","wholly fibrous",NA,NA,NA,NA,NA,NA,NA
"81","Eucalyptus scias subsp. scias","wholly fibrous",NA,NA,NA,NA,NA,NA,NA
"82","Eucalyptus similis","wholly fibrous",NA,NA,NA,NA,NA,NA,NA
"83","Eucalyptus sparsifolia","wholly fibrous",NA,NA,NA,NA,NA,NA,NA
"84","Eucalyptus sphaerocarpa","wholly fibrous",NA,NA,NA,NA,NA,NA,NA
"85","Eucalyptus splendens subsp. arcana","wholly fibrous",NA,NA,NA,NA,NA,NA,NA
"86","Eucalyptus splendens subsp. splendens","wholly fibrous",NA,NA,NA,NA,NA,NA,NA
"87","Eucalyptus staeri","wholly fibrous",NA,NA,NA,NA,NA,NA,NA
"88","Eucalyptus tectifica","wholly fibrous",NA,NA,NA,NA,NA,NA,NA
"89","Eucalyptus tenella","wholly fibrous",NA,NA,NA,NA,NA,NA,NA
"90","Eucalyptus tenuipes","wholly fibrous",NA,NA,NA,NA,NA,NA,NA
"91","Eucalyptus tetrodonta","wholly fibrous",NA,NA,NA,NA,NA,NA,NA
"92","Eucalyptus tindaliae","wholly fibrous",NA,NA,NA,NA,NA,NA,NA
"93","Eucalyptus umbra","wholly fibrous",NA,NA,NA,NA,NA,NA,NA
"94","Eucalyptus williamsiana","wholly fibrous",NA,NA,NA,NA,NA,NA,NA
"95","Eucalyptus crucis subsp. praecipua",NA,"partly fibrous","shedding","bark shed from trunk only",NA,NA,"both fibrous and shedding",NA
"96","Eucalyptus ewartiana",NA,"partly fibrous","shedding","bark shed from trunk only",NA,NA,"both fibrous and shedding",NA
"97","Eucalyptus orbifolia",NA,"partly fibrous","shedding","bark shed from trunk only",NA,NA,"both fibrous and shedding",NA
"98","Corymbia abergiana",NA,"partly fibrous","shedding",NA,"bark shed from branches only",NA,"both fibrous and shedding",NA
"99","Corymbia ficifolia",NA,"partly fibrous","shedding",NA,"bark shed from branches only",NA,"both fibrous and shedding",NA
"100","Eucalyptus aggregata",NA,"partly fibrous","shedding",NA,"bark shed from branches only",NA,"both fibrous and shedding",NA
"101","Eucalyptus alligatrix subsp. alligatrix",NA,"partly fibrous","shedding",NA,"bark shed from branches only",NA,"both fibrous and shedding",NA
"102","Eucalyptus alligatrix subsp. limaensis",NA,"partly fibrous","shedding",NA,"bark shed from branches only",NA,"both fibrous and shedding",NA
"103","Eucalyptus andrewsii subsp. andrewsii",NA,"partly fibrous","shedding",NA,"bark shed from branches only",NA,"both fibrous and shedding",NA
"104","Eucalyptus andrewsii subsp. campanulata",NA,"partly fibrous","shedding",NA,"bark shed from branches only",NA,"both fibrous and shedding",NA
"105","Eucalyptus arenicola",NA,"partly fibrous","shedding",NA,NA,NA,"both fibrous and shedding",NA
"106","Eucalyptus aromaphloia subsp. sabulosa",NA,"partly fibrous","shedding",NA,"bark shed from branches only","ribbons in branches","both fibrous and shedding","both fibrous and ribbony"
"107","Eucalyptus banksii",NA,"partly fibrous","shedding",NA,"bark shed from branches only",NA,"both fibrous and shedding",NA
"108","Eucalyptus blaxlandii",NA,"partly fibrous","shedding",NA,"bark shed from branches only",NA,"both fibrous and shedding",NA
"109","Eucalyptus botryoides",NA,"partly fibrous","shedding",NA,NA,NA,"both fibrous and shedding",NA
"110","Eucalyptus brachyandra",NA,"partly fibrous","shedding",NA,NA,NA,"both fibrous and shedding",NA
"111","Eucalyptus brevipes",NA,"partly fibrous","shedding",NA,NA,NA,"both fibrous and shedding",NA
"112","Eucalyptus cadens",NA,"partly fibrous","shedding",NA,NA,"ribbons in branches","both fibrous and shedding","both fibrous and ribbony"
"113","Eucalyptus canescens subsp. canescens",NA,"partly fibrous","shedding",NA,NA,NA,"both fibrous and shedding",NA
"114","Eucalyptus cephalocarpa",NA,"partly fibrous","shedding",NA,"bark shed from branches only",NA,"both fibrous and shedding",NA
"115","Eucalyptus cinerea subsp. triplex",NA,"partly fibrous","shedding",NA,"bark shed from branches only",NA,"both fibrous and shedding",NA
"116","Eucalyptus cloeziana",NA,"partly fibrous","shedding",NA,NA,NA,"both fibrous and shedding",NA
"117","Eucalyptus comitae-vallis",NA,"partly fibrous","shedding",NA,NA,"ribbons in branches","both fibrous and shedding","both fibrous and ribbony"
"118","Eucalyptus consideniana",NA,"partly fibrous","shedding",NA,NA,NA,"both fibrous and shedding",NA
"119","Eucalyptus conspicua subsp. conspicua",NA,"partly fibrous","shedding",NA,NA,NA,"both fibrous and shedding",NA
"120","Eucalyptus cornuta",NA,"partly fibrous","shedding",NA,NA,"ribbons in branches","both fibrous and shedding","both fibrous and ribbony"
"121","Eucalyptus corticosa",NA,"partly fibrous","shedding",NA,"bark shed from branches only",NA,"both fibrous and shedding",NA
"122","Eucalyptus croajingolensis",NA,"partly fibrous","shedding",NA,NA,NA,"both fibrous and shedding",NA
"123","Eucalyptus diversifolia subsp. hesperia",NA,"partly fibrous","shedding",NA,NA,NA,"both fibrous and shedding",NA
"124","Eucalyptus dives",NA,"partly fibrous","shedding",NA,"bark shed from branches only","ribbons in branches","both fibrous and shedding","both fibrous and ribbony"
"125","Eucalyptus effusa",NA,"partly fibrous","shedding",NA,NA,"ribbons in branches","both fibrous and shedding","both fibrous and ribbony"
"126","Eucalyptus exserta",NA,"partly fibrous","shedding",NA,"bark shed from branches only",NA,"both fibrous and shedding",NA
"127","Eucalyptus foecunda",NA,"partly fibrous","shedding",NA,NA,NA,"both fibrous and shedding",NA
"128","Eucalyptus formanii",NA,"partly fibrous","shedding",NA,NA,"ribbons in branches","both fibrous and shedding","both fibrous and ribbony"
"129","Eucalyptus fruticosa",NA,"partly fibrous","shedding",NA,NA,"ribbons in branches","both fibrous and shedding","both fibrous and ribbony"
"130","Eucalyptus fulgens",NA,"partly fibrous","shedding",NA,"bark shed from branches only",NA,"both fibrous and shedding",NA
"131","Eucalyptus goniocalyx subsp. goniocalyx",NA,"partly fibrous","shedding",NA,NA,NA,"both fibrous and shedding",NA
"132","Eucalyptus goniocalyx subsp. viridissima",NA,"partly fibrous","shedding",NA,"bark shed from branches only",NA,"both fibrous and shedding",NA
"133","Eucalyptus grossa",NA,"partly fibrous",NA,NA,NA,NA,NA,NA
"134","Eucalyptus hypostomatica",NA,"partly fibrous","shedding",NA,"bark shed from branches only",NA,"both fibrous and shedding",NA
"135","Eucalyptus indurata",NA,"partly fibrous","shedding",NA,NA,NA,"both fibrous and shedding",NA
"136","Eucalyptus jutsonii subsp. jutsonii",NA,"partly fibrous","shedding",NA,NA,NA,"both fibrous and shedding",NA
"137","Eucalyptus kingsmillii subsp. alatissima",NA,"partly fibrous","shedding",NA,NA,NA,"both fibrous and shedding",NA
"138","Eucalyptus kingsmillii subsp. kingsmillii",NA,"partly fibrous","shedding",NA,NA,NA,"both fibrous and shedding",NA
"139","Eucalyptus kochii subsp. borealis",NA,"partly fibrous","shedding",NA,NA,NA,"both fibrous and shedding",NA
"140","Eucalyptus kochii subsp. plenissima",NA,"partly fibrous","shedding",NA,NA,NA,"both fibrous and shedding",NA
"141","Eucalyptus kochii subsp. yellowdinensis",NA,"partly fibrous","shedding",NA,NA,NA,"both fibrous and shedding",NA
"142","Eucalyptus laevis",NA,"partly fibrous","shedding",NA,NA,NA,"both fibrous and shedding",NA
"143","Eucalyptus laevopinea",NA,"partly fibrous","shedding",NA,"bark shed from branches only",NA,"both fibrous and shedding",NA
"144","Eucalyptus longicornis",NA,"partly fibrous","shedding",NA,NA,NA,"both fibrous and shedding",NA
"145","Eucalyptus longifolia",NA,"partly fibrous","shedding",NA,"bark shed from branches only",NA,"both fibrous and shedding",NA
"146","Eucalyptus loxophleba subsp. loxophleba",NA,"partly fibrous","shedding",NA,NA,"ribbons in branches","both fibrous and shedding","both fibrous and ribbony"
"147","Eucalyptus macarthurii",NA,"partly fibrous","shedding",NA,"bark shed from branches only","ribbons in branches","both fibrous and shedding","both fibrous and ribbony"
"148","Eucalyptus mannensis subsp. vespertina",NA,"partly fibrous","shedding",NA,NA,NA,"both fibrous and shedding",NA
"149","Eucalyptus marginata subsp. elegantella",NA,"partly fibrous","shedding",NA,"bark shed from branches only",NA,"both fibrous and shedding",NA
"150","Eucalyptus marginata subsp. marginata",NA,"partly fibrous","shedding",NA,"bark shed from branches only",NA,"both fibrous and shedding",NA
"151","Eucalyptus marginata subsp. thalassica",NA,"partly fibrous","shedding",NA,"bark shed from branches only",NA,"both fibrous and shedding",NA
"152","Eucalyptus melanoxylon",NA,"partly fibrous","shedding",NA,NA,NA,"both fibrous and shedding",NA
"153","Eucalyptus merrickiae",NA,"partly fibrous","shedding",NA,NA,"ribbons in branches","both fibrous and shedding","both fibrous and ribbony"
"154","Eucalyptus microtheca",NA,"partly fibrous","shedding",NA,"bark shed from branches only",NA,"both fibrous and shedding",NA
"155","Eucalyptus moderata",NA,"partly fibrous","shedding",NA,NA,NA,"both fibrous and shedding",NA
"156","Eucalyptus neglecta",NA,"partly fibrous","shedding",NA,NA,"ribbons in branches","both fibrous and shedding","both fibrous and ribbony"
"157","Eucalyptus normantonensis",NA,"partly fibrous","shedding",NA,NA,NA,"both fibrous and shedding",NA
"158","Eucalyptus nortonii",NA,"partly fibrous","shedding",NA,"bark shed from branches only",NA,"both fibrous and shedding",NA
"159","Eucalyptus nova-anglica",NA,"partly fibrous","shedding",NA,"bark shed from branches only",NA,"both fibrous and shedding",NA
"160","Eucalyptus obliqua",NA,"partly fibrous","shedding",NA,NA,NA,"both fibrous and shedding",NA
"161","Eucalyptus occidentalis",NA,"partly fibrous","shedding",NA,NA,"ribbons in branches","both fibrous and shedding","both fibrous and ribbony"
"162","Eucalyptus odorata",NA,"partly fibrous","shedding",NA,NA,"ribbons in branches","both fibrous and shedding","both fibrous and ribbony"
"163","Eucalyptus olida",NA,"partly fibrous","shedding",NA,"bark shed from branches only",NA,"both fibrous and shedding",NA
"164","Eucalyptus ovularis",NA,"partly fibrous","shedding",NA,NA,NA,"both fibrous and shedding",NA
"165","Eucalyptus phoenicea",NA,"partly fibrous","shedding",NA,"bark shed from branches only",NA,"both fibrous and shedding",NA
"166","Eucalyptus piperita subsp. piperita",NA,"partly fibrous","shedding",NA,NA,"ribbons in branches","both fibrous and shedding","both fibrous and ribbony"
"167","Eucalyptus piperita subsp. urceolaris",NA,"partly fibrous","shedding",NA,"bark shed from branches only",NA,"both fibrous and shedding",NA
"168","Eucalyptus planchoniana",NA,"partly fibrous","shedding",NA,"bark shed from branches only",NA,"both fibrous and shedding",NA
"169","Eucalyptus platycorys",NA,"partly fibrous","shedding",NA,NA,"ribbons in branches","both fibrous and shedding","both fibrous and ribbony"
"170","Eucalyptus porosa",NA,"partly fibrous","shedding",NA,NA,NA,"both fibrous and shedding",NA
"171","Eucalyptus pyrocarpa",NA,"partly fibrous","shedding",NA,"bark shed from branches only","ribbons in branches","both fibrous and shedding","both fibrous and ribbony"
"172","Eucalyptus radiata subsp. radiata",NA,"partly fibrous","shedding",NA,"bark shed from branches only",NA,"both fibrous and shedding",NA
"173","Eucalyptus radiata subsp. robertsonii",NA,"partly fibrous","shedding",NA,"bark shed from branches only","ribbons in branches","both fibrous and shedding","both fibrous and ribbony"
"174","Eucalyptus radiata subsp. sejuncta",NA,"partly fibrous","shedding",NA,"bark shed from branches only",NA,"both fibrous and shedding",NA
"175","Eucalyptus rodwayi",NA,"partly fibrous","shedding",NA,"bark shed from branches only",NA,"both fibrous and shedding",NA
"176","Eucalyptus rudis subsp. cratyantha",NA,"partly fibrous","shedding",NA,NA,NA,"both fibrous and shedding",NA
"177","Eucalyptus rudis subsp. rudis",NA,"partly fibrous","shedding",NA,NA,NA,"both fibrous and shedding",NA
"178","Eucalyptus serraensis",NA,"partly fibrous","shedding",NA,NA,NA,"both fibrous and shedding",NA
"179","Eucalyptus squamosa",NA,"partly fibrous","shedding",NA,"bark shed from branches only",NA,"both fibrous and shedding",NA
"180","Eucalyptus striaticalyx",NA,"partly fibrous","shedding",NA,NA,NA,"both fibrous and shedding",NA
"181","Eucalyptus todtiana",NA,"partly fibrous","shedding",NA,NA,NA,"both fibrous and shedding",NA
"182","Eucalyptus viminalis subsp. cygnetensis",NA,"partly fibrous","shedding",NA,NA,NA,"both fibrous and shedding",NA
"183","Eucalyptus viminalis subsp. pryoriana",NA,"partly fibrous","shedding",NA,NA,"ribbons in branches","both fibrous and shedding","both fibrous and ribbony"
"184","Eucalyptus willisii subsp. falciformis",NA,"partly fibrous","shedding",NA,NA,"ribbons in branches","both fibrous and shedding","both fibrous and ribbony"
"185","Eucalyptus willisii subsp. willisii",NA,"partly fibrous","shedding",NA,NA,"ribbons in branches","both fibrous and shedding","both fibrous and ribbony"
"186","Eucalyptus wyolensis",NA,"partly fibrous","shedding",NA,NA,NA,"both fibrous and shedding",NA
"187","Eucalyptus yalatensis",NA,"partly fibrous","shedding",NA,NA,"ribbons in branches","both fibrous and shedding","both fibrous and ribbony"
"188","Eucalyptus yarraensis",NA,"partly fibrous","shedding",NA,NA,NA,"both fibrous and shedding",NA
"189","Eucalyptus youmanii",NA,"partly fibrous","shedding",NA,"bark shed from branches only",NA,"both fibrous and shedding",NA
"190","Eucalyptus youngiana",NA,"partly fibrous","shedding",NA,NA,"ribbons in branches","both fibrous and shedding","both fibrous and ribbony"
"191","Eucalyptus zopherophloia",NA,"partly fibrous","shedding",NA,NA,NA,"both fibrous and shedding",NA
"192","Eucalyptus absita",NA,"partly fibrous","shedding",NA,NA,NA,"both fibrous and shedding",NA
"193","Eucalyptus aequioperta",NA,"partly fibrous","shedding",NA,NA,"ribbons in branches","both fibrous and shedding","both fibrous and ribbony"
"194","Eucalyptus albopurpurea",NA,"partly fibrous","shedding",NA,NA,"ribbons in branches","both fibrous and shedding","both fibrous and ribbony"
"195","Eucalyptus alligatrix subsp. miscella",NA,"partly fibrous","shedding",NA,"bark shed from branches only",NA,"both fibrous and shedding",NA
"196","Eucalyptus ammophila",NA,"partly fibrous","shedding",NA,NA,NA,"both fibrous and shedding",NA
"197","Eucalyptus amygdalina",NA,"partly fibrous","shedding",NA,NA,"ribbons in branches","both fibrous and shedding","both fibrous and ribbony"
"198","Eucalyptus angularis",NA,"partly fibrous","shedding",NA,NA,NA,"both fibrous and shedding",NA
"199","Eucalyptus arachnaea subsp. arachnaea",NA,"partly fibrous","shedding",NA,NA,"ribbons in branches","both fibrous and shedding","both fibrous and ribbony"
"200","Eucalyptus arachnaea subsp. arrecta",NA,"partly fibrous","shedding",NA,NA,"ribbons in branches","both fibrous and shedding","both fibrous and ribbony"
"201","Eucalyptus aspersa",NA,"partly fibrous","shedding",NA,NA,"ribbons in branches","both fibrous and shedding","both fibrous and ribbony"
"202","Eucalyptus balladoniensis subsp. balladoniensis",NA,"partly fibrous","shedding",NA,NA,"ribbons in branches","both fibrous and shedding","both fibrous and ribbony"
"203","Eucalyptus balladoniensis subsp. sedens",NA,"partly fibrous","shedding",NA,NA,"ribbons in branches","both fibrous and shedding","both fibrous and ribbony"
"204","Eucalyptus baudiniana",NA,"partly fibrous","shedding",NA,NA,NA,"both fibrous and shedding",NA
"205","Eucalyptus bensonii",NA,"partly fibrous","shedding",NA,NA,NA,"both fibrous and shedding",NA
"206","Eucalyptus brachycalyx",NA,"partly fibrous","shedding",NA,NA,"ribbons in branches","both fibrous and shedding","both fibrous and ribbony"
"207","Eucalyptus calyerup",NA,"partly fibrous","shedding",NA,NA,NA,"both fibrous and shedding",NA
"208","Eucalyptus ceratocorys",NA,"partly fibrous","shedding",NA,NA,"ribbons in branches","both fibrous and shedding","both fibrous and ribbony"
"209","Eucalyptus chapmaniana",NA,"partly fibrous","shedding",NA,NA,"ribbons in branches","both fibrous and shedding","both fibrous and ribbony"
"210","Eucalyptus chartaboma",NA,"partly fibrous","shedding",NA,NA,NA,"both fibrous and shedding",NA
"211","Eucalyptus chloroclada",NA,"partly fibrous","shedding",NA,NA,NA,"both fibrous and shedding",NA
"212","Eucalyptus clelandii",NA,"partly fibrous","shedding",NA,NA,NA,"both fibrous and shedding",NA
"213","Eucalyptus concinna",NA,"partly fibrous","shedding",NA,NA,"ribbons in branches","both fibrous and shedding","both fibrous and ribbony"
"214","Eucalyptus conveniens",NA,"partly fibrous","shedding",NA,NA,"ribbons in branches","both fibrous and shedding","both fibrous and ribbony"
"215","Eucalyptus cooperiana",NA,"partly fibrous","shedding",NA,NA,NA,"both fibrous and shedding",NA
"216","Eucalyptus corrugata",NA,"partly fibrous","shedding",NA,NA,"ribbons in branches","both fibrous and shedding","both fibrous and ribbony"
"217","Eucalyptus cyanophylla",NA,"partly fibrous","shedding",NA,NA,"ribbons in branches","both fibrous and shedding","both fibrous and ribbony"
"218","Eucalyptus delegatensis subsp. delegatensis",NA,"partly fibrous","shedding",NA,NA,"ribbons in branches","both fibrous and shedding","both fibrous and ribbony"
"219","Eucalyptus delegatensis subsp. tasmaniensis",NA,"partly fibrous","shedding",NA,NA,"ribbons in branches","both fibrous and shedding","both fibrous and ribbony"
"220","Eucalyptus delicata",NA,"partly fibrous","shedding",NA,NA,NA,"both fibrous and shedding",NA
"221","Eucalyptus dendromorpha",NA,"partly fibrous","shedding",NA,NA,"ribbons in branches","both fibrous and shedding","both fibrous and ribbony"
"222","Eucalyptus dolichocera",NA,"partly fibrous","shedding",NA,NA,NA,"both fibrous and shedding",NA
"223","Eucalyptus eremicola subsp. eremicola",NA,"partly fibrous","shedding",NA,NA,NA,"both fibrous and shedding",NA
"224","Eucalyptus eremicola subsp. peeneri",NA,"partly fibrous","shedding",NA,NA,NA,"both fibrous and shedding",NA
"225","Eucalyptus eudesmioides subsp. eudesmioides",NA,"partly fibrous","shedding",NA,NA,NA,"both fibrous and shedding",NA
"226","Eucalyptus eudesmioides subsp. Pallida",NA,"partly fibrous","shedding",NA,NA,NA,"both fibrous and shedding",NA
"227","Eucalyptus extrica",NA,"partly fibrous","shedding",NA,NA,NA,"both fibrous and shedding",NA
"228","Eucalyptus famelica",NA,"partly fibrous","shedding",NA,NA,NA,"both fibrous and shedding",NA
"229","Eucalyptus fastigata",NA,"partly fibrous","shedding",NA,NA,"ribbons in branches","both fibrous and shedding","both fibrous and ribbony"
"230","Eucalyptus froggattii",NA,"partly fibrous","shedding",NA,NA,"ribbons in branches","both fibrous and shedding","both fibrous and ribbony"
"231","Eucalyptus gamophylla",NA,"partly fibrous","shedding",NA,NA,NA,"both fibrous and shedding",NA
"232","Eucalyptus gigantangion",NA,"partly fibrous","shedding",NA,NA,NA,"both fibrous and shedding",NA
"233","Eucalyptus gillii",NA,"partly fibrous","shedding",NA,NA,NA,"both fibrous and shedding",NA
"234","Eucalyptus gittinsii subsp. illucida",NA,"partly fibrous","shedding",NA,NA,"ribbons in branches","both fibrous and shedding","both fibrous and ribbony"
"235","Eucalyptus glomerosa",NA,"partly fibrous","shedding",NA,NA,NA,"both fibrous and shedding",NA
"236","Eucalyptus goniantha subsp. goniantha",NA,"partly fibrous","shedding",NA,NA,NA,"both fibrous and shedding",NA
"237","Eucalyptus goniocalyx subsp. exposa",NA,"partly fibrous","shedding",NA,NA,"ribbons in branches","both fibrous and shedding","both fibrous and ribbony"
"238","Eucalyptus gracilis",NA,"partly fibrous","shedding",NA,NA,NA,"both fibrous and shedding",NA
"239","Eucalyptus grandis",NA,"partly fibrous","shedding",NA,NA,NA,"both fibrous and shedding",NA
"240","Eucalyptus griffithsii",NA,"partly fibrous","shedding",NA,NA,"ribbons in branches","both fibrous and shedding","both fibrous and ribbony"
"241","Eucalyptus gypsophila",NA,"partly fibrous","shedding",NA,NA,NA,"both fibrous and shedding",NA
"242","Eucalyptus halophila",NA,"partly fibrous","shedding",NA,NA,"ribbons in branches","both fibrous and shedding","both fibrous and ribbony"
"243","Eucalyptus horistes",NA,"partly fibrous","shedding",NA,NA,"ribbons in branches","both fibrous and shedding","both fibrous and ribbony"
"244","Eucalyptus hypolaena",NA,"partly fibrous","shedding",NA,NA,NA,"both fibrous and shedding",NA
"245","Eucalyptus insularis",NA,"partly fibrous","shedding",NA,NA,NA,"both fibrous and shedding",NA
"246","Eucalyptus intertexta",NA,"partly fibrous","shedding",NA,NA,NA,"both fibrous and shedding",NA
"247","Eucalyptus johnsoniana",NA,"partly fibrous","shedding",NA,NA,NA,"both fibrous and shedding",NA
"248","Eucalyptus jucunda",NA,"partly fibrous","shedding",NA,NA,NA,"both fibrous and shedding",NA
"249","Eucalyptus kabiana",NA,"partly fibrous","shedding",NA,NA,NA,"both fibrous and shedding",NA
"250","Eucalyptus kartzoffiana",NA,"partly fibrous","shedding",NA,NA,"ribbons in branches","both fibrous and shedding","both fibrous and ribbony"
"251","Eucalyptus kochii subsp. kochii",NA,"partly fibrous","shedding",NA,NA,"ribbons in branches","both fibrous and shedding","both fibrous and ribbony"
"252","Eucalyptus kruseana",NA,"partly fibrous","shedding",NA,NA,"ribbons in branches","both fibrous and shedding","both fibrous and ribbony"
"253","Eucalyptus lansdowneana",NA,"partly fibrous","shedding",NA,NA,NA,"both fibrous and shedding",NA
"254","Eucalyptus lateritica",NA,"partly fibrous","shedding",NA,NA,NA,"both fibrous and shedding",NA
"255","Eucalyptus leprophloia",NA,"partly fibrous","shedding",NA,NA,NA,"both fibrous and shedding",NA
"256","Eucalyptus leptopoda subsp. arctata",NA,"partly fibrous","shedding",NA,NA,NA,"both fibrous and shedding",NA
"257","Eucalyptus leptopoda subsp. leptopoda",NA,"partly fibrous","shedding",NA,NA,NA,"both fibrous and shedding",NA
"258","Eucalyptus leptopoda subsp. subluta",NA,"partly fibrous","shedding",NA,NA,NA,"both fibrous and shedding",NA
"259","Eucalyptus leucoxylon subsp. leucoxylon",NA,"partly fibrous","shedding",NA,NA,NA,"both fibrous and shedding",NA
"260","Eucalyptus leucoxylon subsp. megalocarpa",NA,"partly fibrous","shedding",NA,NA,NA,"both fibrous and shedding",NA
"261","Eucalyptus leucoxylon subsp. pruinosa",NA,"partly fibrous","shedding",NA,NA,NA,"both fibrous and shedding",NA
"262","Eucalyptus leucoxylon subsp. stephaniae",NA,"partly fibrous","shedding",NA,NA,NA,"both fibrous and shedding",NA
"263","Eucalyptus litoralis",NA,"partly fibrous","shedding",NA,NA,NA,"both fibrous and shedding",NA
"264","Eucalyptus lockyeri subsp. exuta",NA,"partly fibrous","shedding",NA,NA,NA,"both fibrous and shedding",NA
"265","Eucalyptus lockyeri subsp. lockyeri",NA,"partly fibrous","shedding",NA,NA,NA,"both fibrous and shedding",NA
"266","Eucalyptus longissima",NA,"partly fibrous","shedding",NA,NA,"ribbons in branches","both fibrous and shedding","both fibrous and ribbony"
"267","Eucalyptus loxophleba subsp. supralaevis",NA,"partly fibrous","shedding",NA,NA,NA,"both fibrous and shedding",NA
"268","Eucalyptus macrandra",NA,"partly fibrous","shedding",NA,NA,NA,"both fibrous and shedding",NA
"269","Eucalyptus mannensis subsp. mannensis",NA,"partly fibrous","shedding",NA,NA,NA,"both fibrous and shedding",NA
"270","Eucalyptus melliodora",NA,"partly fibrous","shedding",NA,NA,NA,"both fibrous and shedding",NA
"271","Eucalyptus miniata",NA,"partly fibrous","shedding",NA,NA,NA,"both fibrous and shedding",NA
"272","Eucalyptus misella",NA,"partly fibrous","shedding",NA,NA,"ribbons in branches","both fibrous and shedding","both fibrous and ribbony"
"273","Eucalyptus morrisii",NA,"partly fibrous","shedding",NA,NA,"ribbons in branches","both fibrous and shedding","both fibrous and ribbony"
"274","Eucalyptus nandewarica",NA,"partly fibrous","shedding",NA,NA,NA,"both fibrous and shedding",NA
"275","Eucalyptus nitida",NA,"partly fibrous","shedding",NA,NA,"ribbons in branches","both fibrous and shedding","both fibrous and ribbony"
"276","Eucalyptus oleosa subsp. corvina",NA,"partly fibrous","shedding",NA,NA,NA,"both fibrous and shedding",NA
"277","Eucalyptus oleosa subsp. cylindroidea",NA,"partly fibrous","shedding",NA,NA,NA,"both fibrous and shedding",NA
"278","Eucalyptus oleosa subsp. oleosa",NA,"partly fibrous","shedding",NA,NA,"ribbons in branches","both fibrous and shedding","both fibrous and ribbony"
"279","Eucalyptus olsenii",NA,"partly fibrous","shedding",NA,NA,"ribbons in branches","both fibrous and shedding","both fibrous and ribbony"
"280","Eucalyptus oraria",NA,"partly fibrous","shedding",NA,NA,NA,"both fibrous and shedding",NA
"281","Eucalyptus ovata var. ovata",NA,"partly fibrous","shedding",NA,NA,NA,"both fibrous and shedding",NA
"282","Eucalyptus oxymitra",NA,"partly fibrous","shedding",NA,NA,"ribbons in branches","both fibrous and shedding","both fibrous and ribbony"
"283","Eucalyptus pachyphylla",NA,"partly fibrous","shedding",NA,NA,NA,"both fibrous and shedding",NA
"284","Eucalyptus paludicola",NA,"partly fibrous","shedding",NA,NA,NA,"both fibrous and shedding",NA
"285","Eucalyptus peninsularis",NA,"partly fibrous","shedding",NA,NA,"ribbons in branches","both fibrous and shedding","both fibrous and ribbony"
"286","Eucalyptus petraea",NA,"partly fibrous","shedding",NA,NA,"ribbons in branches","both fibrous and shedding","both fibrous and ribbony"
"287","Eucalyptus pilularis",NA,"partly fibrous","shedding",NA,NA,NA,"both fibrous and shedding",NA
"288","Eucalyptus polyanthemos subsp. polyanthemos",NA,"partly fibrous","shedding",NA,NA,NA,"both fibrous and shedding",NA
"289","Eucalyptus polybractea",NA,"partly fibrous","shedding",NA,NA,"ribbons in branches","both fibrous and shedding","both fibrous and ribbony"
"290","Eucalyptus prominens",NA,"partly fibrous","shedding",NA,NA,NA,"both fibrous and shedding",NA
"291","Eucalyptus pruiniramis",NA,"partly fibrous","shedding",NA,NA,"ribbons in branches","both fibrous and shedding","both fibrous and ribbony"
"292","Eucalyptus pulchella",NA,"partly fibrous","shedding",NA,NA,"ribbons in branches","both fibrous and shedding","both fibrous and ribbony"
"293","Eucalyptus quadrans",NA,"partly fibrous","shedding",NA,NA,NA,"both fibrous and shedding",NA
"294","Eucalyptus regnans",NA,"partly fibrous","shedding",NA,NA,"ribbons in branches","both fibrous and shedding","both fibrous and ribbony"
"295","Eucalyptus remota",NA,"partly fibrous","shedding",NA,NA,NA,"both fibrous and shedding",NA
"296","Eucalyptus repullulans",NA,"partly fibrous","shedding",NA,NA,"ribbons in branches","both fibrous and shedding","both fibrous and ribbony"
"297","Eucalyptus rigidula",NA,"partly fibrous","shedding",NA,NA,"ribbons in branches","both fibrous and shedding","both fibrous and ribbony"
"298","Eucalyptus roycei",NA,"partly fibrous","shedding",NA,NA,NA,"both fibrous and shedding",NA
"299","Eucalyptus selachiana",NA,"partly fibrous","shedding",NA,NA,NA,"both fibrous and shedding",NA
"300","Eucalyptus sieberi",NA,"partly fibrous","shedding",NA,NA,NA,"both fibrous and shedding",NA
"301","Eucalyptus socialis subsp. socialis",NA,"partly fibrous","shedding",NA,NA,"ribbons in branches","both fibrous and shedding","both fibrous and ribbony"
"302","Eucalyptus socialis subsp. victoriensis",NA,"partly fibrous","shedding",NA,NA,"ribbons in branches","both fibrous and shedding","both fibrous and ribbony"
"303","Eucalyptus sparsa",NA,"partly fibrous","shedding",NA,NA,NA,"both fibrous and shedding",NA
"304","Eucalyptus stenostoma",NA,"partly fibrous","shedding",NA,NA,NA,"both fibrous and shedding",NA
"305","Eucalyptus surgens",NA,"partly fibrous","shedding",NA,NA,NA,"both fibrous and shedding",NA
"306","Eucalyptus terrica",NA,"partly fibrous","shedding",NA,NA,NA,"both fibrous and shedding",NA
"307","Eucalyptus thamnoides subsp. megista",NA,"partly fibrous","shedding",NA,NA,"ribbons in branches","both fibrous and shedding","both fibrous and ribbony"
"308","Eucalyptus triflora",NA,"partly fibrous","shedding",NA,NA,"ribbons in branches","both fibrous and shedding","both fibrous and ribbony"
"309","Eucalyptus trivalvis",NA,"partly fibrous","shedding",NA,NA,"ribbons in branches","both fibrous and shedding","both fibrous and ribbony"
"310","Eucalyptus ultima",NA,"partly fibrous","shedding",NA,NA,NA,"both fibrous and shedding",NA
"311","Eucalyptus uncinata",NA,"partly fibrous","shedding",NA,NA,"ribbons in branches","both fibrous and shedding","both fibrous and ribbony"
"312","Eucalyptus varia subsp. salsuginosa",NA,"partly fibrous","shedding",NA,NA,NA,"both fibrous and shedding",NA
"313","Eucalyptus verrucata",NA,"partly fibrous","shedding",NA,NA,NA,"both fibrous and shedding",NA
"314","Eucalyptus victoriana",NA,"partly fibrous","shedding",NA,NA,NA,"both fibrous and shedding",NA
"315","Eucalyptus viminalis subsp. viminalis",NA,"partly fibrous","shedding",NA,NA,"ribbons in branches","both fibrous and shedding","both fibrous and ribbony"
"316","Eucalyptus viridis",NA,"partly fibrous","shedding",NA,NA,"ribbons in branches","both fibrous and shedding","both fibrous and ribbony"
"317","Eucalyptus vokesensis",NA,"partly fibrous","shedding",NA,NA,NA,"both fibrous and shedding",NA
"318","Eucalyptus caesia subsp. caesia",NA,NA,"shedding","bark shed from trunk only",NA,NA,NA,NA
"319","Eucalyptus caesia subsp. magna",NA,NA,"shedding","bark shed from trunk only",NA,NA,NA,NA
"320","Eucalyptus crucis subsp. crucis",NA,NA,"shedding","bark shed from trunk only",NA,NA,NA,NA
"321","Eucalyptus crucis subsp. lanceolata",NA,NA,"shedding","bark shed from trunk only",NA,NA,NA,NA
"322","Eucalyptus educta",NA,NA,"shedding","bark shed from trunk only",NA,NA,NA,NA
"323","Eucalyptus websteriana",NA,NA,"shedding","bark shed from trunk only",NA,NA,NA,NA
"324","Corymbia arenaria",NA,NA,"shedding","bark shed from trunk only",NA,NA,NA,NA
"325","Corymbia arnhemensis",NA,NA,"shedding",NA,NA,NA,NA,NA
"326","Corymbia collina",NA,NA,"shedding",NA,NA,NA,NA,NA
"327","Corymbia ellipsoidea",NA,NA,"shedding",NA,"bark shed from branches only",NA,NA,NA
"328","Corymbia eremaea",NA,NA,"shedding",NA,NA,NA,NA,NA
"329","Corymbia erythrophloia",NA,NA,"shedding",NA,"bark shed from branches only",NA,NA,NA
"330","Corymbia foelscheana",NA,NA,"shedding",NA,NA,NA,NA,NA
"331","Corymbia greeniana",NA,NA,"shedding",NA,NA,NA,NA,NA
"332","Corymbia hamersleyana",NA,NA,"shedding",NA,NA,NA,NA,NA
"333","Corymbia latifolia",NA,NA,"shedding",NA,NA,NA,NA,NA
"334","Corymbia lenziana",NA,NA,"shedding",NA,NA,NA,NA,NA
"335","Corymbia pocillum",NA,NA,"shedding",NA,NA,NA,NA,NA
"336","Corymbia rhodops",NA,NA,"shedding",NA,"bark shed from branches only",NA,NA,NA
"337","Corymbia stockeri subsp. peninsularis",NA,NA,"shedding",NA,NA,NA,NA,NA
"338","Corymbia stockeri subsp. stockeri",NA,NA,"shedding",NA,"bark shed from branches only",NA,NA,NA
"339","Corymbia terminalis",NA,NA,"shedding",NA,NA,NA,NA,NA
"340","Corymbia trachyphloia",NA,NA,"shedding",NA,"bark shed from branches only",NA,NA,NA
"341","Corymbia umbonata",NA,NA,"shedding",NA,NA,NA,NA,NA
"342","Eucalyptus albens",NA,NA,"shedding",NA,NA,NA,NA,NA
"343","Eucalyptus ancophila",NA,NA,"shedding",NA,"bark shed from branches only",NA,NA,NA
"344","Eucalyptus baiophylla",NA,NA,"shedding",NA,NA,NA,NA,NA
"345","Eucalyptus beaniana",NA,NA,"shedding",NA,"bark shed from branches only",NA,NA,NA
"346","Eucalyptus canescens subsp. beadellii",NA,NA,"shedding",NA,NA,NA,NA,NA
"347","Eucalyptus cneorifolia",NA,NA,"shedding",NA,NA,NA,NA,NA
"348","Eucalyptus conica",NA,NA,"shedding",NA,"bark shed from branches only",NA,NA,NA
"349","Eucalyptus coolabah",NA,NA,"shedding",NA,NA,NA,NA,NA
"350","Eucalyptus corynodes",NA,NA,"shedding",NA,"bark shed from branches only",NA,NA,NA
"351","Eucalyptus crenulata",NA,NA,"shedding",NA,NA,NA,NA,NA
"352","Eucalyptus decolor",NA,NA,"shedding",NA,"bark shed from branches only",NA,NA,NA
"353","Eucalyptus decorticans",NA,NA,"shedding",NA,"bark shed from branches only",NA,NA,NA
"354","Eucalyptus dura",NA,NA,"shedding",NA,"bark shed from branches only",NA,NA,NA
"355","Eucalyptus magnificata",NA,NA,"shedding",NA,NA,NA,NA,NA
"356","Eucalyptus malacoxylon",NA,NA,"shedding",NA,"bark shed from branches only",NA,NA,NA
"357","Eucalyptus melanoleuca",NA,NA,"shedding",NA,"bark shed from branches only",NA,NA,NA
"358","Eucalyptus melanophloia subsp. nana",NA,NA,"shedding",NA,"bark shed from branches only",NA,NA,NA
"359","Eucalyptus oldfieldii",NA,NA,"shedding",NA,NA,"ribbons in branches",NA,NA
"360","Eucalyptus placita",NA,NA,"shedding",NA,"bark shed from branches only",NA,NA,NA
"361","Eucalyptus polyanthemos subsp. longior",NA,NA,"shedding",NA,"bark shed from branches only",NA,NA,NA
"362","Eucalyptus polyanthemos subsp. vestita",NA,NA,"shedding","bark shed from trunk only",NA,NA,NA,NA
"363","Eucalyptus quadricostata",NA,NA,"shedding",NA,"bark shed from branches only","ribbons in branches",NA,NA
"364","Eucalyptus raveretiana",NA,NA,"shedding",NA,NA,NA,NA,NA
"365","Eucalyptus retinens",NA,NA,"shedding",NA,NA,NA,NA,NA
"366","Eucalyptus semota",NA,NA,"shedding",NA,NA,NA,NA,NA
"367","Eucalyptus taurina",NA,NA,"shedding",NA,"bark shed from branches only",NA,NA,NA
"368","Eucalyptus tholiformis",NA,NA,"shedding",NA,"bark shed from branches only",NA,NA,NA
"369","Eucalyptus volcanica",NA,NA,"shedding",NA,NA,NA,NA,NA
"370","Angophora costata subsp. costata",NA,NA,"shedding",NA,NA,NA,NA,NA
"371","Angophora costata subsp. euryphylla",NA,NA,"shedding",NA,NA,NA,NA,NA
"372","Angophora costata subsp. leiocarpa",NA,NA,"shedding",NA,NA,NA,NA,NA
"373","Corymbia aparrerinja",NA,NA,"shedding",NA,NA,NA,NA,NA
"374","Corymbia arafurica",NA,NA,"shedding",NA,NA,NA,NA,NA
"375","Corymbia aspera",NA,NA,"shedding",NA,NA,NA,NA,NA
"376","Corymbia bella",NA,NA,"shedding",NA,NA,NA,NA,NA
"377","Corymbia blakei",NA,NA,"shedding",NA,NA,NA,NA,NA
"378","Corymbia bleeseri",NA,NA,"shedding",NA,NA,NA,NA,NA
"379","Corymbia candida",NA,NA,"shedding",NA,NA,NA,NA,NA
"380","Corymbia chippendalei",NA,NA,"shedding",NA,NA,NA,NA,NA
"381","Corymbia citriodora",NA,NA,"shedding",NA,NA,NA,NA,NA
"382","Corymbia clavigera",NA,NA,"shedding",NA,NA,NA,NA,NA
"383","Corymbia confertiflora",NA,NA,"shedding",NA,NA,NA,NA,NA
"384","Corymbia dallachiana",NA,NA,"shedding",NA,NA,NA,NA,NA
"385","Corymbia dendromerinx",NA,NA,"shedding",NA,NA,NA,NA,NA
"386","Corymbia dichromophloia",NA,NA,"shedding",NA,NA,NA,NA,NA
"387","Corymbia disjuncta",NA,NA,"shedding",NA,NA,NA,NA,NA
"388","Corymbia ferriticola",NA,NA,"shedding",NA,NA,NA,NA,NA
"389","Corymbia flavescens",NA,NA,"shedding",NA,NA,NA,NA,NA
"390","Corymbia gilbertensis",NA,NA,"shedding",NA,NA,NA,NA,NA
"391","Corymbia grandifolia subsp. grandifolia",NA,NA,"shedding",NA,NA,NA,NA,NA
"392","Corymbia grandifolia subsp. lamprocardia",NA,NA,"shedding",NA,NA,NA,NA,NA
"393","Corymbia grandifolia subsp. longa",NA,NA,"shedding",NA,NA,NA,NA,NA
"394","Corymbia henryi",NA,NA,"shedding",NA,NA,NA,NA,NA
"395","Corymbia kombolgiensis",NA,NA,"shedding",NA,NA,NA,NA,NA
"396","Corymbia maculata",NA,NA,"shedding",NA,NA,NA,NA,NA
"397","Corymbia oocarpa",NA,NA,"shedding",NA,NA,NA,NA,NA
"398","Corymbia papuana",NA,NA,"shedding",NA,NA,NA,NA,NA
"399","Corymbia paractia",NA,NA,"shedding",NA,NA,NA,NA,NA
"400","Corymbia pauciseta",NA,NA,"shedding",NA,NA,NA,NA,NA
"401","Corymbia polysciada",NA,NA,"shedding",NA,NA,NA,NA,NA
"402","Corymbia serendipita",NA,NA,"shedding",NA,NA,NA,NA,NA
"403","Corymbia tessellaris",NA,NA,"shedding",NA,NA,NA,NA,NA
"404","Corymbia torelliana",NA,NA,"shedding",NA,NA,NA,NA,NA
"405","Corymbia torta",NA,NA,"shedding",NA,NA,NA,NA,NA
"406","Eucalyptus abdita",NA,NA,"shedding",NA,NA,NA,NA,NA
"407","Eucalyptus accedens",NA,NA,"shedding",NA,NA,NA,NA,NA
"408","Eucalyptus acies",NA,NA,"shedding",NA,NA,NA,NA,NA
"409","Eucalyptus acroleuca",NA,NA,"shedding",NA,NA,NA,NA,NA
"410","Eucalyptus adesmophloia",NA,NA,"shedding",NA,NA,"ribbons in branches",NA,NA
"411","Eucalyptus alba var. australasica",NA,NA,"shedding",NA,NA,NA,NA,NA
"412","Eucalyptus albida",NA,NA,"shedding",NA,NA,"ribbons in branches",NA,NA
"413","Eucalyptus alipes",NA,NA,"shedding",NA,NA,NA,NA,NA
"414","Eucalyptus amplifolia subsp. amplifolia",NA,NA,"shedding",NA,NA,NA,NA,NA
"415","Eucalyptus amplifolia subsp. sessiliflora",NA,NA,"shedding",NA,NA,NA,NA,NA
"416","Eucalyptus angulosa",NA,NA,"shedding",NA,NA,"ribbons in branches",NA,NA
"417","Eucalyptus angustissima",NA,NA,"shedding",NA,NA,"ribbons in branches",NA,NA
"418","Eucalyptus annettae",NA,NA,"shedding",NA,NA,"ribbons in branches",NA,NA
"419","Eucalyptus annulata",NA,NA,"shedding",NA,NA,"ribbons in branches",NA,NA
"420","Eucalyptus annuliformis",NA,NA,"shedding",NA,NA,NA,NA,NA
"421","Eucalyptus apiculata",NA,NA,"shedding",NA,NA,NA,NA,NA
"422","Eucalyptus apodophylla",NA,NA,"shedding",NA,NA,NA,NA,NA
"423","Eucalyptus approximans subsp. approximans",NA,NA,"shedding",NA,NA,"ribbons in branches",NA,NA
"424","Eucalyptus approximans subsp. codonocarpa",NA,NA,"shedding",NA,NA,"ribbons in branches",NA,NA
"425","Eucalyptus aquilina",NA,NA,"shedding",NA,NA,NA,NA,NA
"426","Eucalyptus arborella",NA,NA,"shedding",NA,NA,NA,NA,NA
"427","Eucalyptus archeri",NA,NA,"shedding",NA,NA,NA,NA,NA
"428","Eucalyptus argophloia",NA,NA,"shedding",NA,NA,NA,NA,NA
"429","Eucalyptus argutifolia",NA,NA,"shedding",NA,NA,NA,NA,NA
"430","Eucalyptus aridimontana",NA,NA,"shedding",NA,NA,NA,NA,NA
"431","Eucalyptus armillata",NA,NA,"shedding",NA,NA,NA,NA,NA
"432","Eucalyptus articulata",NA,NA,"shedding",NA,NA,NA,NA,NA
"433","Eucalyptus aspratilis",NA,NA,"shedding",NA,NA,"ribbons in branches",NA,NA
"434","Eucalyptus astringens subsp. astringens",NA,NA,"shedding",NA,NA,NA,NA,NA
"435","Eucalyptus astringens subsp. redacta",NA,NA,"shedding",NA,NA,NA,NA,NA
"436","Eucalyptus badjensis",NA,NA,"shedding",NA,NA,"ribbons in branches",NA,NA
"437","Eucalyptus baeuerlenii",NA,NA,"shedding",NA,NA,NA,NA,NA
"438","Eucalyptus bakeri",NA,NA,"shedding",NA,NA,"ribbons in branches",NA,NA
"439","Eucalyptus bancroftii",NA,NA,"shedding",NA,NA,NA,NA,NA
"440","Eucalyptus barberi",NA,NA,"shedding",NA,NA,"ribbons in branches",NA,NA
"441","Eucalyptus beardiana",NA,NA,"shedding",NA,NA,NA,NA,NA
"442","Eucalyptus behriana",NA,NA,"shedding",NA,NA,"ribbons in branches",NA,NA
"443","Eucalyptus benthamii",NA,NA,"shedding",NA,NA,"ribbons in branches",NA,NA
"444","Eucalyptus bigalerita",NA,NA,"shedding",NA,NA,NA,NA,NA
"445","Eucalyptus blakelyi",NA,NA,"shedding",NA,NA,NA,NA,NA
"446","Eucalyptus blaxellii",NA,NA,"shedding",NA,NA,NA,NA,NA
"447","Eucalyptus bosistoana",NA,NA,"shedding",NA,NA,"ribbons in branches",NA,NA
"448","Eucalyptus brachyphylla",NA,NA,"shedding",NA,NA,"ribbons in branches",NA,NA
"449","Eucalyptus brandiana",NA,NA,"shedding",NA,NA,NA,NA,NA
"450","Eucalyptus brassiana",NA,NA,"shedding",NA,NA,NA,NA,NA
"451","Eucalyptus brevifolia",NA,NA,"shedding",NA,NA,NA,NA,NA
"452","Eucalyptus brockwayi",NA,NA,"shedding",NA,NA,NA,NA,NA
"453","Eucalyptus brookeriana",NA,NA,"shedding",NA,NA,"ribbons in branches",NA,NA
"454","Eucalyptus broviniensis",NA,NA,"shedding",NA,NA,NA,NA,NA
"455","Eucalyptus buprestium",NA,NA,"shedding",NA,NA,"ribbons in branches",NA,NA
"456","Eucalyptus burdettiana",NA,NA,"shedding",NA,NA,NA,NA,NA
"457","Eucalyptus burgessiana",NA,NA,"shedding",NA,NA,NA,NA,NA
"458","Eucalyptus burracoppinensis",NA,NA,"shedding",NA,NA,"ribbons in branches",NA,NA
"459","Eucalyptus calcareana",NA,NA,"shedding",NA,NA,"ribbons in branches",NA,NA
"460","Eucalyptus calcicola subsp. calcicola",NA,NA,"shedding",NA,NA,NA,NA,NA
"461","Eucalyptus calcicola subsp. unita",NA,NA,"shedding",NA,NA,NA,NA,NA
"462","Eucalyptus calycogona subsp. calycogona",NA,NA,"shedding",NA,NA,"ribbons in branches",NA,NA
"463","Eucalyptus calycogona subsp. miraculum",NA,NA,"shedding",NA,NA,"ribbons in branches",NA,NA
"464","Eucalyptus calycogona subsp. spaffordii",NA,NA,"shedding",NA,NA,NA,NA,NA
"465","Eucalyptus calycogona subsp. trachybasis",NA,NA,"shedding",NA,NA,"ribbons in branches",NA,NA
"466","Eucalyptus camaldulensis subsp. acuta",NA,NA,"shedding",NA,NA,NA,NA,NA
"467","Eucalyptus camaldulensis subsp. arida",NA,NA,"shedding",NA,NA,NA,NA,NA
"468","Eucalyptus camaldulensis subsp. camaldulensis",NA,NA,"shedding",NA,NA,NA,NA,NA
"469","Eucalyptus camaldulensis subsp. minima",NA,NA,"shedding",NA,NA,NA,NA,NA
"470","Eucalyptus camaldulensis subsp. obtusa",NA,NA,"shedding",NA,NA,NA,NA,NA
"471","Eucalyptus camaldulensis subsp. refulgens",NA,NA,"shedding",NA,NA,NA,NA,NA
"472","Eucalyptus camaldulensis subsp. simulata",NA,NA,"shedding",NA,NA,NA,NA,NA
"473","Eucalyptus cambageana",NA,NA,"shedding",NA,NA,NA,NA,NA
"474","Eucalyptus campaspe",NA,NA,"shedding",NA,NA,NA,NA,NA
"475","Eucalyptus camphora subsp. camphora",NA,NA,"shedding",NA,NA,"ribbons in branches",NA,NA
"476","Eucalyptus camphora subsp. humeana",NA,NA,"shedding",NA,NA,"ribbons in branches",NA,NA
"477","Eucalyptus canaliculata",NA,NA,"shedding",NA,NA,NA,NA,NA
"478","Eucalyptus canobolensis",NA,NA,"shedding",NA,NA,"ribbons in branches",NA,NA
"479","Eucalyptus capillosa subsp. capillosa",NA,NA,"shedding",NA,NA,NA,NA,NA
"480","Eucalyptus capillosa subsp. polyclada",NA,NA,"shedding",NA,NA,NA,NA,NA
"481","Eucalyptus captiosa",NA,NA,"shedding",NA,NA,"ribbons in branches",NA,NA
"482","Eucalyptus carnabyi",NA,NA,"shedding",NA,NA,NA,NA,NA
"483","Eucalyptus carnei",NA,NA,"shedding",NA,NA,NA,NA,NA
"484","Eucalyptus celastroides subsp. celastroides",NA,NA,"shedding",NA,NA,NA,NA,NA
"485","Eucalyptus celastroides subsp. virella",NA,NA,"shedding",NA,NA,NA,NA,NA
"486","Eucalyptus cerasiformis",NA,NA,"shedding",NA,NA,NA,NA,NA
"487","Eucalyptus cernua",NA,NA,"shedding",NA,NA,NA,NA,NA
"488","Eucalyptus cladocalyx",NA,NA,"shedding",NA,NA,NA,NA,NA
"489","Eucalyptus clivicola",NA,NA,"shedding",NA,NA,NA,NA,NA
"490","Eucalyptus coccifera",NA,NA,"shedding",NA,NA,NA,NA,NA
"491","Eucalyptus conferruminata subsp. conferruminata",NA,NA,"shedding",NA,NA,NA,NA,NA
"492","Eucalyptus conferruminata subsp. recherche",NA,NA,"shedding",NA,NA,NA,NA,NA
"493","Eucalyptus confluens",NA,NA,"shedding",NA,NA,NA,NA,NA
"494","Eucalyptus conglobata subsp. conglobata",NA,NA,"shedding",NA,NA,"ribbons in branches",NA,NA
"495","Eucalyptus conglobata subsp. perata",NA,NA,"shedding",NA,NA,"ribbons in branches",NA,NA
"496","Eucalyptus cordata subsp. cordata",NA,NA,"shedding",NA,NA,NA,NA,NA
"497","Eucalyptus cordata subsp. quadrangulosa",NA,NA,"shedding",NA,NA,NA,NA,NA
"498","Eucalyptus coronata",NA,NA,"shedding",NA,NA,NA,NA,NA
"499","Eucalyptus cosmophylla",NA,NA,"shedding",NA,NA,NA,NA,NA
"500","Eucalyptus creta",NA,NA,"shedding",NA,NA,NA,NA,NA
"501","Eucalyptus cretata",NA,NA,"shedding",NA,NA,"ribbons in branches",NA,NA
"502","Eucalyptus crispata",NA,NA,"shedding",NA,NA,NA,NA,NA
"503","Eucalyptus cunninghamii",NA,NA,"shedding",NA,NA,NA,NA,NA
"504","Eucalyptus cuprea",NA,NA,"shedding",NA,NA,"ribbons in branches",NA,NA
"505","Eucalyptus cupularis",NA,NA,"shedding",NA,NA,NA,NA,NA
"506","Eucalyptus curtisii",NA,NA,"shedding",NA,NA,NA,NA,NA
"507","Eucalyptus cyclostoma",NA,NA,"shedding",NA,NA,NA,NA,NA
"508","Eucalyptus cylindriflora",NA,NA,"shedding",NA,NA,NA,NA,NA
"509","Eucalyptus cylindrocarpa",NA,NA,"shedding",NA,NA,"ribbons in branches",NA,NA
"510","Eucalyptus cypellocarpa",NA,NA,"shedding",NA,NA,"ribbons in branches",NA,NA
"511","Eucalyptus dalrympleana subsp. dalrympleana",NA,NA,"shedding",NA,NA,"ribbons in branches",NA,NA
"512","Eucalyptus dalrympleana subsp. heptantha",NA,NA,"shedding",NA,NA,NA,NA,NA
"513","Eucalyptus dawsonii",NA,NA,"shedding",NA,NA,NA,NA,NA
"514","Eucalyptus dealbata",NA,NA,"shedding",NA,NA,NA,NA,NA
"515","Eucalyptus deanei",NA,NA,"shedding",NA,NA,NA,NA,NA
"516","Eucalyptus decurva",NA,NA,"shedding",NA,NA,NA,NA,NA
"517","Eucalyptus deflexa",NA,NA,"shedding",NA,NA,NA,NA,NA
"518","Eucalyptus densa subsp. densa",NA,NA,"shedding",NA,NA,NA,NA,NA
"519","Eucalyptus densa subsp. improcera",NA,NA,"shedding",NA,NA,NA,NA,NA
"520","Eucalyptus denticulata",NA,NA,"shedding",NA,NA,"ribbons in branches",NA,NA
"521","Eucalyptus depauperata",NA,NA,"shedding",NA,NA,NA,NA,NA
"522","Eucalyptus desmondensis",NA,NA,"shedding",NA,NA,NA,NA,NA
"523","Eucalyptus deuaensis",NA,NA,"shedding",NA,NA,NA,NA,NA
"524","Eucalyptus dielsii",NA,NA,"shedding",NA,NA,NA,NA,NA
"525","Eucalyptus diminuta",NA,NA,"shedding",NA,NA,NA,NA,NA
"526","Eucalyptus diptera",NA,NA,"shedding",NA,NA,"ribbons in branches",NA,NA
"527","Eucalyptus discreta",NA,NA,"shedding",NA,NA,"ribbons in branches",NA,NA
"528","Eucalyptus dissimulata",NA,NA,"shedding",NA,NA,"ribbons in branches",NA,NA
"529","Eucalyptus distuberosa subsp. aerata",NA,NA,"shedding",NA,NA,"ribbons in branches",NA,NA
"530","Eucalyptus distuberosa subsp. distuberosa",NA,NA,"shedding",NA,NA,"ribbons in branches",NA,NA
"531","Eucalyptus diversicolor",NA,NA,"shedding",NA,NA,NA,NA,NA
"532","Eucalyptus diversifolia subsp. diversifolia",NA,NA,"shedding",NA,NA,"ribbons in branches",NA,NA
"533","Eucalyptus dolichorhyncha",NA,NA,"shedding",NA,NA,"ribbons in branches",NA,NA
"534","Eucalyptus dolorosa",NA,NA,"shedding",NA,"bark shed from branches only",NA,NA,NA
"535","Eucalyptus doratoxylon",NA,NA,"shedding",NA,NA,NA,NA,NA
"536","Eucalyptus dorrienii",NA,NA,"shedding",NA,NA,"ribbons in branches",NA,NA
"537","Eucalyptus dorrigoensis",NA,NA,"shedding",NA,NA,"ribbons in branches",NA,NA
"538","Eucalyptus drummondii",NA,NA,"shedding",NA,NA,NA,NA,NA
"539","Eucalyptus dumosa",NA,NA,"shedding",NA,NA,"ribbons in branches",NA,NA
"540","Eucalyptus dundasii",NA,NA,"shedding",NA,NA,NA,NA,NA
"541","Eucalyptus dunnii",NA,NA,"shedding",NA,NA,"ribbons in branches",NA,NA
"542","Eucalyptus dwyeri",NA,NA,"shedding",NA,NA,NA,NA,NA
"543","Eucalyptus ebbanoensis subsp. ebbanoensis",NA,NA,"shedding",NA,NA,NA,NA,NA
"544","Eucalyptus ebbanoensis subsp. photina",NA,NA,"shedding",NA,NA,NA,NA,NA
"545","Eucalyptus ecostata",NA,NA,"shedding",NA,NA,NA,NA,NA
"546","Eucalyptus elaeophloia",NA,NA,"shedding",NA,NA,NA,NA,NA
"547","Eucalyptus elata",NA,NA,"shedding",NA,NA,"ribbons in branches",NA,NA
"548","Eucalyptus elliptica",NA,NA,"shedding",NA,NA,NA,NA,NA
"549","Eucalyptus erectifolia",NA,NA,"shedding",NA,NA,NA,NA,NA
"550","Eucalyptus eremophila",NA,NA,"shedding",NA,NA,NA,NA,NA
"551","Eucalyptus erythrandra",NA,NA,"shedding",NA,NA,"ribbons in branches",NA,NA
"552","Eucalyptus erythrocorys",NA,NA,"shedding",NA,NA,NA,NA,NA
"553","Eucalyptus erythronema subsp. erythronema",NA,NA,"shedding",NA,NA,NA,NA,NA
"554","Eucalyptus erythronema subsp. inornata",NA,NA,"shedding",NA,NA,NA,NA,NA
"555","Eucalyptus exigua",NA,NA,"shedding",NA,NA,NA,NA,NA
"556","Eucalyptus exilis",NA,NA,"shedding",NA,NA,"ribbons in branches",NA,NA
"557","Eucalyptus extensa",NA,NA,"shedding",NA,NA,NA,NA,NA
"558","Eucalyptus falcata",NA,NA,"shedding",NA,NA,NA,NA,NA
"559","Eucalyptus fasciculosa",NA,NA,"shedding",NA,NA,NA,NA,NA
"560","Eucalyptus flavida",NA,NA,"shedding",NA,NA,NA,NA,NA
"561","Eucalyptus flindersii",NA,NA,"shedding",NA,NA,NA,NA,NA
"562","Eucalyptus flocktoniae subsp. flocktoniae",NA,NA,"shedding",NA,NA,NA,NA,NA
"563","Eucalyptus flocktoniae subsp. hebes",NA,NA,"shedding",NA,NA,NA,NA,NA
"564","Eucalyptus foliosa",NA,NA,"shedding",NA,NA,"ribbons in branches",NA,NA
"565","Eucalyptus forrestiana",NA,NA,"shedding",NA,NA,NA,NA,NA
"566","Eucalyptus fraseri subsp. fraseri",NA,NA,"shedding",NA,NA,"ribbons in branches",NA,NA
"567","Eucalyptus fraseri subsp. melanobasis",NA,NA,"shedding",NA,NA,"ribbons in branches",NA,NA
"568","Eucalyptus fraxinoides",NA,NA,"shedding",NA,NA,"ribbons in branches",NA,NA
"569","Eucalyptus frenchiana",NA,NA,"shedding",NA,NA,"ribbons in branches",NA,NA
"570","Eucalyptus gardneri subsp. gardneri",NA,NA,"shedding",NA,NA,NA,NA,NA
"571","Eucalyptus gardneri subsp. ravensthorpensis",NA,NA,"shedding",NA,NA,NA,NA,NA
"572","Eucalyptus georgei subsp. fulgida",NA,NA,"shedding",NA,NA,"ribbons in branches",NA,NA
"573","Eucalyptus georgei subsp. georgei",NA,NA,"shedding",NA,NA,"ribbons in branches",NA,NA
"574","Eucalyptus gillenii",NA,NA,"shedding",NA,NA,NA,NA,NA
"575","Eucalyptus gittinsii subsp. gittinsii",NA,NA,"shedding",NA,NA,"ribbons in branches",NA,NA
"576","Eucalyptus glaucescens",NA,NA,"shedding",NA,NA,"ribbons in branches",NA,NA
"577","Eucalyptus glaucina",NA,NA,"shedding",NA,NA,NA,NA,NA
"578","Eucalyptus globulus subsp. bicostata",NA,NA,"shedding",NA,NA,"ribbons in branches",NA,NA
"579","Eucalyptus globulus subsp. globulus",NA,NA,"shedding",NA,NA,"ribbons in branches",NA,NA
"580","Eucalyptus globulus subsp. maidenii",NA,NA,"shedding",NA,NA,"ribbons in branches",NA,NA
"581","Eucalyptus globulus subsp. pseudoglobulus",NA,NA,"shedding",NA,NA,"ribbons in branches",NA,NA
"582","Eucalyptus glomericassis",NA,NA,"shedding",NA,NA,NA,NA,NA
"583","Eucalyptus gongylocarpa",NA,NA,"shedding",NA,NA,NA,NA,NA
"584","Eucalyptus goniantha subsp. kynoura",NA,NA,"shedding",NA,NA,NA,NA,NA
"585","Eucalyptus goniocarpa",NA,NA,"shedding",NA,NA,NA,NA,NA
"586","Eucalyptus gregoriensis",NA,NA,"shedding",NA,NA,NA,NA,NA
"587","Eucalyptus gregsoniana",NA,NA,"shedding",NA,NA,NA,NA,NA
"588","Eucalyptus grisea",NA,NA,"shedding",NA,NA,NA,NA,NA
"589","Eucalyptus gunnii",NA,NA,"shedding",NA,NA,NA,NA,NA
"590","Eucalyptus haemastoma",NA,NA,"shedding",NA,NA,NA,NA,NA
"591","Eucalyptus hallii",NA,NA,"shedding",NA,NA,NA,NA,NA
"592","Eucalyptus hebetifolia",NA,NA,"shedding",NA,NA,"ribbons in branches",NA,NA
"593","Eucalyptus herbertiana",NA,NA,"shedding",NA,NA,NA,NA,NA
"594","Eucalyptus histophylla",NA,NA,"shedding",NA,NA,"ribbons in branches",NA,NA
"595","Eucalyptus houseana",NA,NA,"shedding",NA,NA,NA,NA,NA
"596","Eucalyptus imlayensis",NA,NA,"shedding",NA,NA,"ribbons in branches",NA,NA
"597","Eucalyptus impensa",NA,NA,"shedding",NA,NA,NA,NA,NA
"598","Eucalyptus incerata",NA,NA,"shedding",NA,NA,NA,NA,NA
"599","Eucalyptus incrassata",NA,NA,"shedding",NA,NA,"ribbons in branches",NA,NA
"600","Eucalyptus infera",NA,NA,"shedding",NA,NA,"ribbons in branches",NA,NA
"601","Eucalyptus interstans",NA,NA,"shedding",NA,NA,NA,NA,NA
"602","Eucalyptus johnstonii",NA,NA,"shedding",NA,NA,NA,NA,NA
"603","Eucalyptus kenneallyi",NA,NA,"shedding",NA,NA,NA,NA,NA
"604","Eucalyptus kessellii subsp. eugnosta",NA,NA,"shedding",NA,NA,"ribbons in branches",NA,NA
"605","Eucalyptus kessellii subsp. kessellii",NA,NA,"shedding",NA,NA,"ribbons in branches",NA,NA
"606","Eucalyptus kitsoniana",NA,NA,"shedding",NA,NA,"ribbons in branches",NA,NA
"607","Eucalyptus kondininensis",NA,NA,"shedding",NA,NA,NA,NA,NA
"608","Eucalyptus kondininensis subsp. tuberosa",NA,NA,"shedding",NA,NA,NA,NA,NA
"609","Eucalyptus kumarlensis",NA,NA,"shedding",NA,NA,NA,NA,NA
"610","Eucalyptus kybeanensis",NA,NA,"shedding",NA,NA,"ribbons in branches",NA,NA
"611","Eucalyptus lacrimans",NA,NA,"shedding",NA,NA,NA,NA,NA
"612","Eucalyptus laeliae",NA,NA,"shedding",NA,NA,NA,NA,NA
"613","Eucalyptus lane-poolei",NA,NA,"shedding",NA,NA,NA,NA,NA
"614","Eucalyptus langleyi",NA,NA,"shedding",NA,NA,NA,NA,NA
"615","Eucalyptus largeana",NA,NA,"shedding",NA,NA,NA,NA,NA
"616","Eucalyptus latens",NA,NA,"shedding",NA,NA,NA,NA,NA
"617","Eucalyptus lehmanii subsp. parallela",NA,NA,"shedding",NA,NA,NA,NA,NA
"618","Eucalyptus lehmannii subsp. lehmannii",NA,NA,"shedding",NA,NA,NA,NA,NA
"619","Eucalyptus leptocalyx",NA,NA,"shedding",NA,NA,"ribbons in branches",NA,NA
"620","Eucalyptus leptophylla",NA,NA,"shedding",NA,NA,NA,NA,NA
"621","Eucalyptus leptopoda subsp. elevata",NA,NA,"shedding",NA,NA,NA,NA,NA
"622","Eucalyptus lesouefii",NA,NA,"shedding",NA,NA,"ribbons in branches",NA,NA
"623","Eucalyptus leucophloia subsp. euroa",NA,NA,"shedding",NA,NA,NA,NA,NA
"624","Eucalyptus leucophloia subsp. leucophloia",NA,NA,"shedding",NA,NA,NA,NA,NA
"625","Eucalyptus ligulata subsp. ligulata",NA,NA,"shedding",NA,NA,NA,NA,NA
"626","Eucalyptus ligulata subsp. stirlingica",NA,NA,"shedding",NA,NA,NA,NA,NA
"627","Eucalyptus litorea",NA,NA,"shedding",NA,NA,NA,NA,NA
"628","Eucalyptus livida",NA,NA,"shedding",NA,NA,"ribbons in branches",NA,NA
"629","Eucalyptus longirostrata",NA,NA,"shedding",NA,NA,NA,NA,NA
"630","Eucalyptus loxophleba subsp. gratiae",NA,NA,"shedding",NA,NA,"ribbons in branches",NA,NA
"631","Eucalyptus loxophleba subsp. lissophloia",NA,NA,"shedding",NA,NA,NA,NA,NA
"632","Eucalyptus lucasii",NA,NA,"shedding",NA,NA,"ribbons in branches",NA,NA
"633","Eucalyptus lucens",NA,NA,"shedding",NA,NA,NA,NA,NA
"634","Eucalyptus luculenta",NA,NA,"shedding",NA,NA,NA,NA,NA
"635","Eucalyptus luehmanniana",NA,NA,"shedding",NA,NA,NA,NA,NA
"636","Eucalyptus luteola",NA,NA,"shedding",NA,NA,"ribbons in branches",NA,NA
"637","Eucalyptus macrocarpa subsp. elachantha",NA,NA,"shedding",NA,NA,"ribbons in branches",NA,NA
"638","Eucalyptus macrocarpa subsp. macrocarpa",NA,NA,"shedding",NA,NA,"ribbons in branches",NA,NA
"639","Eucalyptus major",NA,NA,"shedding",NA,NA,NA,NA,NA
"640","Eucalyptus mannifera subsp. gullickii",NA,NA,"shedding",NA,NA,NA,NA,NA
"641","Eucalyptus mannifera subsp. mannifera",NA,NA,"shedding",NA,NA,NA,NA,NA
"642","Eucalyptus mannifera subsp. praecox",NA,NA,"shedding",NA,NA,NA,NA,NA
"643","Eucalyptus mcquoidii",NA,NA,"shedding",NA,NA,NA,NA,NA
"644","Eucalyptus medialis",NA,NA,"shedding",NA,NA,"ribbons in branches",NA,NA
"645","Eucalyptus megacarpa",NA,NA,"shedding",NA,NA,NA,NA,NA
"646","Eucalyptus megacornuta",NA,NA,"shedding",NA,NA,NA,NA,NA
"647","Eucalyptus melanophitra",NA,NA,"shedding",NA,NA,NA,NA,NA
"648","Eucalyptus michaeliana",NA,NA,"shedding",NA,NA,NA,NA,NA
"649","Eucalyptus micranthera",NA,NA,"shedding",NA,NA,"ribbons in branches",NA,NA
"650","Eucalyptus microcarpa",NA,NA,"shedding",NA,NA,"ribbons in branches",NA,NA
"651","Eucalyptus microschema",NA,NA,"shedding",NA,NA,"ribbons in branches",NA,NA
"652","Eucalyptus mimica subsp. continens",NA,NA,"shedding",NA,NA,NA,NA,NA
"653","Eucalyptus mimica subsp. mimica",NA,NA,"shedding",NA,NA,NA,NA,NA
"654","Eucalyptus mitchelliana",NA,NA,"shedding",NA,NA,"ribbons in branches",NA,NA
"655","Eucalyptus moluccana",NA,NA,"shedding",NA,NA,NA,NA,NA
"656","Eucalyptus mooreana",NA,NA,"shedding",NA,NA,NA,NA,NA
"657","Eucalyptus moorei subsp. moorei",NA,NA,"shedding",NA,NA,NA,NA,NA
"658","Eucalyptus moorei subsp. serpentinicola",NA,NA,"shedding",NA,NA,NA,NA,NA
"659","Eucalyptus morrisbyi",NA,NA,"shedding",NA,NA,NA,NA,NA
"660","Eucalyptus multicaulis",NA,NA,"shedding",NA,NA,NA,NA,NA
"661","Eucalyptus myriadena",NA,NA,"shedding",NA,NA,NA,NA,NA
"662","Eucalyptus nebulosa",NA,NA,"shedding",NA,NA,"ribbons in branches",NA,NA
"663","Eucalyptus neutra",NA,NA,"shedding",NA,NA,"ribbons in branches",NA,NA
"664","Eucalyptus newbeyi",NA,NA,"shedding",NA,NA,NA,NA,NA
"665","Eucalyptus nigrifunda",NA,NA,"shedding",NA,NA,NA,NA,NA
"666","Eucalyptus nitens",NA,NA,"shedding",NA,NA,"ribbons in branches",NA,NA
"667","Eucalyptus nobilis",NA,NA,"shedding",NA,NA,"ribbons in branches",NA,NA
"668","Eucalyptus notactites",NA,NA,"shedding",NA,NA,NA,NA,NA
"669","Eucalyptus nudicaulis",NA,NA,"shedding",NA,NA,NA,NA,NA
"670","Eucalyptus nutans",NA,NA,"shedding",NA,NA,NA,NA,NA
"671","Eucalyptus obesa",NA,NA,"shedding",NA,NA,"ribbons in branches",NA,NA
"672","Eucalyptus obtusiflora",NA,NA,"shedding",NA,NA,"ribbons in branches",NA,NA
"673","Eucalyptus ochrophloia",NA,NA,"shedding",NA,NA,NA,NA,NA
"674","Eucalyptus odontocarpa",NA,NA,"shedding",NA,NA,NA,NA,NA
"675","Eucalyptus olivina",NA,NA,"shedding",NA,NA,NA,NA,NA
"676","Eucalyptus opimiflora",NA,NA,"shedding",NA,NA,NA,NA,NA
"677","Eucalyptus optima",NA,NA,"shedding",NA,NA,NA,NA,NA
"678","Eucalyptus ordiana",NA,NA,"shedding",NA,NA,NA,NA,NA
"679","Eucalyptus oreades",NA,NA,"shedding",NA,NA,"ribbons in branches",NA,NA
"680","Eucalyptus orgadophila",NA,NA,"shedding",NA,NA,NA,NA,NA
"681","Eucalyptus ornata",NA,NA,"shedding",NA,NA,NA,NA,NA
"682","Eucalyptus orthostemon",NA,NA,"shedding",NA,NA,NA,NA,NA
"683","Eucalyptus ovata var. grandiflora",NA,NA,"shedding",NA,NA,NA,NA,NA
"684","Eucalyptus pachycalyx subsp. pachycalyx",NA,NA,"shedding",NA,NA,NA,NA,NA
"685","Eucalyptus pachycalyx subsp. waajensis",NA,NA,"shedding",NA,NA,NA,NA,NA
"686","Eucalyptus pachyloma",NA,NA,"shedding",NA,NA,NA,NA,NA
"687","Eucalyptus paliformis",NA,NA,"shedding",NA,NA,NA,NA,NA
"688","Eucalyptus pantoleuca",NA,NA,"shedding",NA,NA,NA,NA,NA
"689","Eucalyptus parramattensis subsp. decadens",NA,NA,"shedding",NA,NA,NA,NA,NA
"690","Eucalyptus parramattensis subsp. parramattensis",NA,NA,"shedding",NA,NA,NA,NA,NA
"691","Eucalyptus parramattensis var. sphaerocalyx",NA,NA,"shedding",NA,NA,NA,NA,NA
"692","Eucalyptus parvula",NA,NA,"shedding",NA,NA,"ribbons in branches",NA,NA
"693","Eucalyptus pauciflora subsp. acerina",NA,NA,"shedding",NA,NA,"ribbons in branches",NA,NA
"694","Eucalyptus pauciflora subsp. debeuzevillei",NA,NA,"shedding",NA,NA,NA,NA,NA
"695","Eucalyptus pauciflora subsp. hedraia",NA,NA,"shedding",NA,NA,NA,NA,NA
"696","Eucalyptus pauciflora subsp. niphophila",NA,NA,"shedding",NA,NA,NA,NA,NA
"697","Eucalyptus pauciflora subsp. pauciflora",NA,NA,"shedding",NA,NA,NA,NA,NA
"698","Eucalyptus pendens",NA,NA,"shedding",NA,NA,NA,NA,NA
"699","Eucalyptus perangusta",NA,NA,"shedding",NA,NA,NA,NA,NA
"700","Eucalyptus percostata",NA,NA,"shedding",NA,NA,NA,NA,NA
"701","Eucalyptus perriniana",NA,NA,"shedding",NA,NA,"ribbons in branches",NA,NA
"702","Eucalyptus petiolaris",NA,NA,"shedding",NA,NA,NA,NA,NA
"703","Eucalyptus petrensis",NA,NA,"shedding",NA,NA,"ribbons in branches",NA,NA
"704","Eucalyptus phaenophylla subsp. interjacens",NA,NA,"shedding",NA,NA,"ribbons in branches",NA,NA
"705","Eucalyptus phaenophylla subsp. phaenophylla",NA,NA,"shedding",NA,NA,"ribbons in branches",NA,NA
"706","Eucalyptus phenax subsp. compressa",NA,NA,"shedding",NA,NA,"ribbons in branches",NA,NA
"707","Eucalyptus phenax subsp. phenax",NA,NA,"shedding",NA,NA,"ribbons in branches",NA,NA
"708","Eucalyptus pilbarensis",NA,NA,"shedding",NA,NA,NA,NA,NA
"709","Eucalyptus pileata",NA,NA,"shedding",NA,NA,"ribbons in branches",NA,NA
"710","Eucalyptus pimpiniana",NA,NA,"shedding",NA,NA,NA,NA,NA
"711","Eucalyptus platydisca",NA,NA,"shedding",NA,NA,NA,NA,NA
"712","Eucalyptus platyphylla",NA,NA,"shedding",NA,NA,NA,NA,NA
"713","Eucalyptus platypus subsp. congregata",NA,NA,"shedding",NA,NA,NA,NA,NA
"714","Eucalyptus platypus subsp. platypus",NA,NA,"shedding",NA,NA,NA,NA,NA
"715","Eucalyptus pleurocarpa",NA,NA,"shedding",NA,NA,NA,NA,NA
"716","Eucalyptus pluricaulis subsp. pluricaulis",NA,NA,"shedding",NA,NA,"ribbons in branches",NA,NA
"717","Eucalyptus pluricaulis subsp. porphyrea",NA,NA,"shedding",NA,NA,"ribbons in branches",NA,NA
"718","Eucalyptus polita",NA,NA,"shedding",NA,NA,"ribbons in branches",NA,NA
"719","Eucalyptus praetermissa",NA,NA,"shedding",NA,NA,NA,NA,NA
"720","Eucalyptus prava",NA,NA,"shedding",NA,NA,NA,NA,NA
"721","Eucalyptus preissiana subsp. lobata",NA,NA,"shedding",NA,NA,NA,NA,NA
"722","Eucalyptus preissiana subsp. preissiana",NA,NA,"shedding",NA,NA,NA,NA,NA
"723","Eucalyptus prolixa",NA,NA,"shedding",NA,NA,NA,NA,NA
"724","Eucalyptus propinqua",NA,NA,"shedding",NA,NA,NA,NA,NA
"725","Eucalyptus protensa",NA,NA,"shedding",NA,NA,NA,NA,NA
"726","Eucalyptus pterocarpa",NA,NA,"shedding",NA,NA,"ribbons in branches",NA,NA
"727","Eucalyptus pulverulenta",NA,NA,"shedding",NA,NA,"ribbons in branches",NA,NA
"728","Eucalyptus pumila",NA,NA,"shedding",NA,NA,NA,NA,NA
"729","Eucalyptus punctata",NA,NA,"shedding",NA,NA,NA,NA,NA
"730","Eucalyptus purpurata",NA,NA,"shedding",NA,NA,NA,NA,NA
"731","Eucalyptus pyriformis",NA,NA,"shedding",NA,NA,"ribbons in branches",NA,NA
"732","Eucalyptus quaerenda",NA,NA,"shedding",NA,NA,"ribbons in branches",NA,NA
"733","Eucalyptus racemosa subsp. racemosa",NA,NA,"shedding",NA,NA,NA,NA,NA
"734","Eucalyptus racemosa subsp. rossii",NA,NA,"shedding",NA,NA,NA,NA,NA
"735","Eucalyptus rameliana",NA,NA,"shedding",NA,NA,"ribbons in branches",NA,NA
"736","Eucalyptus ravida",NA,NA,"shedding",NA,NA,NA,NA,NA
"737","Eucalyptus recta",NA,NA,"shedding",NA,NA,NA,NA,NA
"738","Eucalyptus recurva",NA,NA,"shedding",NA,NA,"ribbons in branches",NA,NA
"739","Eucalyptus redunca",NA,NA,"shedding",NA,NA,"ribbons in branches",NA,NA
"740","Eucalyptus retusa",NA,NA,"shedding",NA,NA,NA,NA,NA
"741","Eucalyptus rhodantha",NA,NA,"shedding",NA,NA,"ribbons in branches",NA,NA
"742","Eucalyptus rhomboidea",NA,NA,"shedding",NA,NA,"ribbons in branches",NA,NA
"743","Eucalyptus rigens",NA,NA,"shedding",NA,NA,NA,NA,NA
"744","Eucalyptus risdonii",NA,NA,"shedding",NA,NA,NA,NA,NA
"745","Eucalyptus rosacea",NA,NA,"shedding",NA,NA,NA,NA,NA
"746","Eucalyptus rowleyi",NA,NA,"shedding",NA,NA,NA,NA,NA
"747","Eucalyptus rubida subsp. barbigerorum",NA,NA,"shedding",NA,NA,"ribbons in branches",NA,NA
"748","Eucalyptus rubida subsp. rubida",NA,NA,"shedding",NA,NA,"ribbons in branches",NA,NA
"749","Eucalyptus rugosa",NA,NA,"shedding",NA,NA,"ribbons in branches",NA,NA
"750","Eucalyptus rugulata",NA,NA,"shedding",NA,NA,NA,NA,NA
"751","Eucalyptus rupestris",NA,NA,"shedding",NA,NA,NA,NA,NA
"752","Eucalyptus salicola",NA,NA,"shedding",NA,NA,NA,NA,NA
"753","Eucalyptus saligna",NA,NA,"shedding",NA,NA,NA,NA,NA
"754","Eucalyptus salmonophloia",NA,NA,"shedding",NA,NA,NA,NA,NA
"755","Eucalyptus salubris",NA,NA,"shedding",NA,NA,NA,NA,NA
"756","Eucalyptus sargentii subsp. onesia",NA,NA,"shedding",NA,NA,"ribbons in branches",NA,NA
"757","Eucalyptus sargentii subsp. sargentii",NA,NA,"shedding",NA,NA,NA,NA,NA
"758","Eucalyptus saxatilis",NA,NA,"shedding",NA,NA,"ribbons in branches",NA,NA
"759","Eucalyptus scoparia",NA,NA,"shedding",NA,NA,NA,NA,NA
"760","Eucalyptus seeana",NA,NA,"shedding",NA,NA,NA,NA,NA
"761","Eucalyptus semiglobosa",NA,NA,"shedding",NA,NA,NA,NA,NA
"762","Eucalyptus sepulcralis",NA,NA,"shedding",NA,NA,NA,NA,NA
"763","Eucalyptus sessilis",NA,NA,"shedding",NA,NA,NA,NA,NA
"764","Eucalyptus sheathiana",NA,NA,"shedding",NA,NA,"ribbons in branches",NA,NA
"765","Eucalyptus singularis",NA,NA,"shedding",NA,NA,"ribbons in branches",NA,NA
"766","Eucalyptus sinuosa",NA,NA,"shedding",NA,NA,"ribbons in branches",NA,NA
"767","Eucalyptus smithii",NA,NA,"shedding",NA,NA,"ribbons in branches",NA,NA
"768","Eucalyptus socialis subsp. viridans",NA,NA,"shedding",NA,NA,NA,NA,NA
"769","Eucalyptus sp. Kalbarri",NA,NA,"shedding",NA,NA,NA,NA,NA
"770","Eucalyptus sp. Southern Wheatbelt",NA,NA,"shedding",NA,NA,"ribbons in branches",NA,NA
"771","Eucalyptus sp. Undulans",NA,NA,"shedding",NA,NA,NA,NA,NA
"772","Eucalyptus spathulata subsp. salina",NA,NA,"shedding",NA,NA,NA,NA,NA
"773","Eucalyptus spathulata subsp. spathulata",NA,NA,"shedding",NA,NA,NA,NA,NA
"774","Eucalyptus sporadica",NA,NA,"shedding",NA,NA,"ribbons in branches",NA,NA
"775","Eucalyptus spreta",NA,NA,"shedding",NA,NA,"ribbons in branches",NA,NA
"776","Eucalyptus steedmanii",NA,NA,"shedding",NA,NA,NA,NA,NA
"777","Eucalyptus stellulata",NA,NA,"shedding",NA,NA,"ribbons in branches",NA,NA
"778","Eucalyptus stoatei",NA,NA,"shedding",NA,NA,"ribbons in branches",NA,NA
"779","Eucalyptus stowardii",NA,NA,"shedding",NA,NA,NA,NA,NA
"780","Eucalyptus stricklandii",NA,NA,"shedding",NA,NA,NA,NA,NA
"781","Eucalyptus stricta",NA,NA,"shedding",NA,NA,"ribbons in branches",NA,NA
"782","Eucalyptus strzeleckii",NA,NA,"shedding",NA,NA,"ribbons in branches",NA,NA
"783","Eucalyptus sturgissiana",NA,NA,"shedding",NA,NA,NA,NA,NA
"784","Eucalyptus subangusta subsp. cerina",NA,NA,"shedding",NA,NA,NA,NA,NA
"785","Eucalyptus subangusta subsp. pusilla",NA,NA,"shedding",NA,NA,NA,NA,NA
"786","Eucalyptus subangusta subsp. subangusta",NA,NA,"shedding",NA,NA,"ribbons in branches",NA,NA
"787","Eucalyptus subangusta subsp. virescens",NA,NA,"shedding",NA,NA,NA,NA,NA
"788","Eucalyptus subcrenulata",NA,NA,"shedding",NA,NA,NA,NA,NA
"789","Eucalyptus suberea",NA,NA,"shedding",NA,NA,NA,NA,NA
"790","Eucalyptus subtilis",NA,NA,"shedding",NA,NA,"ribbons in branches",NA,NA
"791","Eucalyptus suggrandis subsp. promiscua",NA,NA,"shedding",NA,NA,NA,NA,NA
"792","Eucalyptus suggrandis subsp. suggrandis",NA,NA,"shedding",NA,NA,NA,NA,NA
"793","Eucalyptus sweedmaniana",NA,NA,"shedding",NA,NA,NA,NA,NA
"794","Eucalyptus synandra",NA,NA,"shedding",NA,NA,NA,NA,NA
"795","Eucalyptus talyuberlup",NA,NA,"shedding",NA,NA,"ribbons in branches",NA,NA
"796","Eucalyptus tenera",NA,NA,"shedding",NA,NA,NA,NA,NA
"797","Eucalyptus tenuiramis",NA,NA,"shedding",NA,NA,NA,NA,NA
"798","Eucalyptus tenuis",NA,NA,"shedding",NA,NA,"ribbons in branches",NA,NA
"799","Eucalyptus tephroclada",NA,NA,"shedding",NA,NA,NA,NA,NA
"800","Eucalyptus terebra",NA,NA,"shedding",NA,NA,NA,NA,NA
"801","Eucalyptus tereticornis subsp. basaltica",NA,NA,"shedding",NA,NA,NA,NA,NA
"802","Eucalyptus tereticornis subsp. mediana",NA,NA,"shedding",NA,NA,NA,NA,NA
"803","Eucalyptus tereticornis subsp. rotunda",NA,NA,"shedding",NA,NA,NA,NA,NA
"804","Eucalyptus tereticornis subsp. tereticornis",NA,NA,"shedding",NA,NA,NA,NA,NA
"805","Eucalyptus tetraptera",NA,NA,"shedding",NA,NA,"ribbons in branches",NA,NA
"806","Eucalyptus thamnoides subsp. thamnoides",NA,NA,"shedding",NA,NA,"ribbons in branches",NA,NA
"807","Eucalyptus thozetiana",NA,NA,"shedding",NA,NA,NA,NA,NA
"808","Eucalyptus tintinnans",NA,NA,"shedding",NA,NA,NA,NA,NA
"809","Eucalyptus torquata",NA,NA,"shedding",NA,NA,NA,NA,NA
"810","Eucalyptus tortilis",NA,NA,"shedding",NA,NA,NA,NA,NA
"811","Eucalyptus transcontinentalis",NA,NA,"shedding",NA,NA,"ribbons in branches",NA,NA
"812","Eucalyptus tumida",NA,NA,"shedding",NA,NA,NA,NA,NA
"813","Eucalyptus umbrawarrensis",NA,NA,"shedding",NA,NA,NA,NA,NA
"814","Eucalyptus urna",NA,NA,"shedding",NA,NA,"ribbons in branches",NA,NA
"815","Eucalyptus urnigera",NA,NA,"shedding",NA,NA,NA,NA,NA
"816","Eucalyptus utilis",NA,NA,"shedding",NA,NA,"ribbons in branches",NA,NA
"817","Eucalyptus valens",NA,NA,"shedding",NA,NA,"ribbons in branches",NA,NA
"818","Eucalyptus varia subsp. varia",NA,NA,"shedding",NA,NA,NA,NA,NA
"819","Eucalyptus vegrandis subsp. recondita",NA,NA,"shedding",NA,NA,"ribbons in branches",NA,NA
"820","Eucalyptus vegrandis subsp. vegrandis",NA,NA,"shedding",NA,NA,"ribbons in branches",NA,NA
"821","Eucalyptus vernicosa",NA,NA,"shedding",NA,NA,NA,NA,NA
"822","Eucalyptus vesiculosa",NA,NA,"shedding",NA,NA,NA,NA,NA
"823","Eucalyptus vicina",NA,NA,"shedding",NA,NA,NA,NA,NA
"824","Eucalyptus victrix",NA,NA,"shedding",NA,NA,NA,NA,NA
"825","Eucalyptus viminalis subsp. hentyensis",NA,NA,"shedding",NA,NA,NA,NA,NA
"826","Eucalyptus virginea",NA,NA,"shedding",NA,NA,NA,NA,NA
"827","Eucalyptus vittata",NA,NA,"shedding",NA,NA,"ribbons in branches",NA,NA
"828","Eucalyptus wandoo subsp. pulverea",NA,NA,"shedding",NA,NA,NA,NA,NA
"829","Eucalyptus wandoo subsp. wandoo",NA,NA,"shedding",NA,NA,NA,NA,NA
"830","Eucalyptus wilcoxii",NA,NA,"shedding",NA,NA,"ribbons in branches",NA,NA
"831","Eucalyptus woodwardii",NA,NA,"shedding",NA,NA,"ribbons in branches",NA,NA
"832","Eucalyptus woollsiana",NA,NA,"shedding",NA,NA,NA,NA,NA
"833","Eucalyptus wubinensis",NA,NA,"shedding",NA,NA,"ribbons in branches",NA,NA
"834","Eucalyptus x balanopelex",NA,NA,"shedding",NA,NA,NA,NA,NA
"835","Eucalyptus x missilis",NA,NA,"shedding",NA,NA,NA,NA,NA
"836","Eucalyptus xanthonema subsp. apposita",NA,NA,"shedding",NA,NA,"ribbons in branches",NA,NA
"837","Eucalyptus xanthonema subsp. xanthonema",NA,NA,"shedding",NA,NA,"ribbons in branches",NA,NA
"838","Eucalyptus yilgarnensis",NA,NA,"shedding",NA,NA,NA,NA,NA
"839","Eucalyptus yumbarrana",NA,NA,"shedding",NA,NA,"ribbons in branches",NA,NA
"840","Eucalyptus proxima",NA,NA,"shedding","bark shed from trunk only",NA,NA,NA,NA
